Cycle_Index,Start_Time,End_Time,Test_Time (s),Min_Current (A),Max_Current (A),Min_Voltage (V),Max_Voltage (V),Charge_Capacity (Ah),Discharge_Capacity (Ah),Charge_Energy (Wh),Discharge_Energy (Wh)
1.0,,,14663.71,-1.399,1.351,2.836,4.352,2.868,1.012,11.578,3.547
2.0,,,33763.582,-1.399,1.351,2.824,4.352,2.856,2.868,11.495,10.719
3.0,,,52720.832,-1.399,1.351,2.832,4.351,2.848,2.86,11.456,10.702
4.0,,,71606.109,-1.399,1.351,2.828,4.351,2.845,2.857,11.443,10.699
5.0,,,78968.257,-1.399,-1.397,2.822,4.246,0.0,2.855,0.0,10.693
6.0,,,183112.164,-1.399,1.351,2.805,4.352,2.841,2.88,11.445,11.007
7.0,,,192611.97,-1.398,1.4,2.999,4.3,2.321,1.309,9.258,4.658
8.0,,,204793.507,-1.398,1.399,2.999,4.3,2.315,2.34,9.223,8.597
9.0,,,216960.035,-1.398,1.399,2.999,4.3,2.315,2.341,9.224,8.603
10.0,,,229088.835,-1.398,1.4,2.999,4.3,2.309,2.332,9.202,8.566
11.0,,,694138.226,-2.799,2.799,2.999,4.3,2.813,2.897,11.509,11.154
12.0,,,702681.073,-4.202,1.349,2.999,4.302,1.4,2.628,5.814,9.186
13.0,,,714414.193,-4.202,1.349,2.999,4.302,2.609,2.627,10.501,9.191
14.0,,,726144.978,-4.202,1.349,2.999,4.303,2.609,2.623,10.498,9.177
15.0,,,737883.57,-4.202,1.349,2.999,4.302,2.606,2.623,10.49,9.179
16.0,,,749623.761,-4.202,1.349,2.999,4.303,2.605,2.621,10.483,9.174
17.0,,,761338.578,-4.202,1.349,2.999,4.303,2.602,2.617,10.473,9.162
18.0,,,773032.078,-4.201,1.349,2.999,4.303,2.599,2.615,10.461,9.155
19.0,,,784731.156,-4.202,1.349,2.999,4.302,2.597,2.612,10.451,9.144
20.0,,,796407.828,-4.202,1.349,2.999,4.302,2.593,2.609,10.438,9.133
21.0,,,808109.14,-4.202,1.349,2.999,4.302,2.591,2.606,10.43,9.123
22.0,,,819751.054,-4.202,1.349,2.999,4.303,2.587,2.602,10.414,9.109
23.0,,,831377.367,-4.202,1.349,2.999,4.303,2.584,2.6,10.404,9.101
24.0,,,843028.554,-4.202,1.349,2.999,4.303,2.582,2.598,10.395,9.097
25.0,,,854643.664,-4.202,1.349,2.999,4.303,2.579,2.595,10.385,9.084
26.0,,,866270.71,-4.202,1.349,2.999,4.303,2.577,2.593,10.377,9.079
27.0,,,877875.242,-4.201,1.349,2.999,4.303,2.574,2.589,10.366,9.063
28.0,,,889483.632,-4.202,1.349,2.999,4.302,2.571,2.588,10.355,9.058
29.0,,,901088.492,-4.201,1.349,2.999,4.302,2.569,2.583,10.347,9.043
30.0,,,912666.132,-4.201,1.349,2.999,4.302,2.566,2.583,10.334,9.04
31.0,,,924225.554,-4.201,1.349,2.999,4.303,2.564,2.58,10.328,9.029
32.0,,,935758.289,-4.202,1.349,2.999,4.303,2.561,2.578,10.316,9.022
33.0,,,947292.695,-4.202,1.349,2.999,4.302,2.56,2.575,10.313,9.012
34.0,,,958823.039,-4.202,1.349,2.999,4.302,2.557,2.572,10.302,9.002
35.0,,,1013583.414,-4.202,1.349,2.999,4.302,2.555,2.572,10.326,8.984
36.0,,,1025175.632,-4.202,1.349,2.999,4.302,2.557,2.58,10.332,9.02
37.0,,,1036708.851,-4.202,1.349,2.999,4.302,2.561,2.575,10.319,9.008
38.0,,,1048234.789,-4.201,1.349,2.999,4.302,2.559,2.574,10.311,9.003
39.0,,,1059744.07,-4.202,1.349,2.999,4.302,2.555,2.57,10.295,8.987
40.0,,,1071259.726,-4.201,1.349,2.999,4.302,2.551,2.567,10.28,8.976
41.0,,,1082766.101,-4.202,1.349,2.999,4.303,2.548,2.564,10.267,8.968
42.0,,,1094247.257,-4.202,1.349,2.999,4.303,2.545,2.561,10.256,8.958
43.0,,,1105709.882,-4.201,1.349,2.999,4.302,2.543,2.559,10.246,8.949
44.0,,,1117143.539,-4.201,1.349,2.999,4.302,2.54,2.555,10.234,8.937
45.0,,,1128591.757,-4.202,1.349,2.999,4.302,2.538,2.553,10.227,8.927
46.0,,,1140046.195,-4.202,1.349,2.999,4.302,2.535,2.552,10.219,8.921
47.0,,,1151482.195,-4.201,1.349,2.999,4.302,2.532,2.547,10.207,8.905
48.0,,,1162915.039,-4.201,1.349,2.999,4.302,2.53,2.544,10.199,8.895
49.0,,,1174318.226,-4.201,1.349,2.999,4.302,2.528,2.545,10.189,8.897
50.0,,,1185724.351,-4.201,1.349,2.999,4.303,2.526,2.542,10.184,8.885
51.0,,,1197108.476,-4.202,1.349,2.999,4.302,2.524,2.539,10.175,8.876
52.0,,,1208485.507,-4.201,1.349,2.999,4.302,2.522,2.539,10.167,8.874
53.0,,,1219862.914,-4.202,1.349,2.999,4.302,2.52,2.536,10.16,8.864
54.0,,,1231242.976,-4.202,1.349,2.999,4.302,2.518,2.533,10.153,8.853
55.0,,,1242609.351,-4.202,1.349,2.999,4.302,2.516,2.533,10.144,8.852
56.0,,,1253944.289,-4.202,1.349,2.999,4.302,2.514,2.531,10.137,8.844
57.0,,,1265301.476,-4.201,1.349,2.999,4.302,2.513,2.527,10.132,8.834
58.0,,,1276636.164,-4.202,1.349,2.999,4.302,2.51,2.528,10.121,8.832
59.0,,,1331238.226,-4.202,1.349,2.999,4.303,2.509,2.524,10.148,8.801
60.0,,,1552116.21,-0.113,0.11,2.999,4.3,2.511,2.815,9.806,10.851
61.0,,,1564002.96,-4.202,1.349,2.999,4.3,2.649,2.528,10.677,8.803
62.0,,,1575471.441,-4.202,1.349,2.999,4.3,2.523,2.528,10.173,8.811
63.0,,,1586912.593,-4.201,1.349,2.999,4.3,2.521,2.527,10.166,8.812
64.0,,,1598346.32,-4.202,1.349,2.999,4.3,2.519,2.53,10.158,8.82
65.0,,,1609758.832,-4.202,1.349,2.999,4.3,2.517,2.514,10.148,8.771
66.0,,,1621159.828,-4.202,1.349,2.999,4.301,2.514,2.524,10.137,8.803
67.0,,,1632561.906,-4.201,1.349,2.999,4.302,2.512,2.522,10.13,8.793
68.0,,,1643972.625,-4.201,1.349,2.999,4.3,2.509,2.519,10.118,8.786
69.0,,,1655350.96,-4.202,1.349,2.999,4.3,2.506,2.514,10.108,8.767
70.0,,,1666754.164,-4.201,1.349,2.999,4.3,2.504,2.515,10.1,8.773
71.0,,,1678154.351,-4.201,1.349,2.999,4.3,2.503,2.513,10.093,8.766
72.0,,,1689528.367,-4.201,1.349,2.999,4.301,2.5,2.511,10.084,8.759
73.0,,,1700880.023,-4.201,1.349,2.999,4.302,2.498,2.508,10.074,8.749
74.0,,,1712213.335,-4.201,1.349,2.999,4.3,2.495,2.499,10.063,8.722
75.0,,,1723569.898,-4.201,1.349,2.999,4.3,2.493,2.503,10.056,8.731
76.0,,,1734901.304,-4.201,1.349,2.999,4.3,2.49,2.5,10.046,8.72
77.0,,,1746231.023,-4.201,1.349,2.999,4.301,2.488,2.498,10.037,8.714
78.0,,,1757528.851,-4.201,1.349,2.999,4.302,2.486,2.496,10.029,8.707
79.0,,,1768838.132,-4.201,1.349,2.999,4.3,2.484,2.485,10.023,8.674
80.0,,,1780155.914,-4.201,1.349,2.999,4.3,2.482,2.492,10.014,8.693
81.0,,,1791422.835,-4.201,1.349,2.999,4.3,2.479,2.485,10.002,8.67
82.0,,,1802692.367,-4.201,1.35,2.999,4.3,2.476,2.485,9.994,8.669
83.0,,,1813926.804,-4.201,1.349,2.999,4.301,2.474,2.471,9.984,8.625
84.0,,,1868430.898,-4.202,1.349,2.999,4.302,2.472,2.486,10.011,8.654
85.0,,,1879755.367,-4.201,1.349,2.999,4.3,2.471,2.488,10.003,8.67
86.0,,,1891065.804,-4.202,1.349,2.999,4.301,2.477,2.485,9.998,8.666
87.0,,,1902365.179,-4.202,1.349,2.999,4.301,2.476,2.485,9.994,8.663
88.0,,,1913621.867,-4.201,1.349,2.999,4.302,2.472,2.481,9.979,8.65
89.0,,,1924855.398,-4.202,1.349,2.999,4.3,2.469,2.479,9.966,8.642
90.0,,,1936086.898,-4.202,1.349,2.999,4.3,2.466,2.477,9.957,8.636
91.0,,,1947320.585,-4.201,1.349,2.999,4.3,2.464,2.475,9.949,8.627
92.0,,,1958560.429,-4.201,1.349,2.999,4.3,2.462,2.471,9.941,8.616
93.0,,,1969748.46,-4.201,1.349,2.999,4.301,2.46,2.47,9.931,8.608
94.0,,,1980950.992,-4.201,1.349,2.999,4.303,2.457,2.457,9.923,8.57
95.0,,,1992161.96,-4.201,1.349,2.999,4.3,2.455,2.457,9.914,8.568
96.0,,,2003339.367,-4.201,1.349,2.999,4.3,2.452,2.458,9.903,8.567
97.0,,,2014516.554,-4.202,1.349,2.999,4.3,2.45,2.457,9.895,8.566
98.0,,,2025671.242,-4.201,1.35,2.999,4.3,2.448,2.457,9.889,8.565
99.0,,,2036850.054,-4.201,1.349,2.999,4.301,2.447,2.443,9.884,8.522
100.0,,,2047997.429,-4.201,1.349,2.999,4.302,2.445,2.443,9.874,8.52
101.0,,,2059165.335,-4.201,1.349,2.999,4.3,2.443,2.443,9.866,8.518
102.0,,,2070346.617,-4.201,1.35,2.999,4.3,2.441,2.451,9.86,8.542
103.0,,,2081501.835,-4.201,1.349,2.999,4.3,2.439,2.449,9.853,8.532
104.0,,,2092682.71,-4.201,1.349,2.999,4.3,2.437,2.448,9.846,8.528
105.0,,,2103811.273,-4.201,1.349,2.999,4.301,2.435,2.443,9.836,8.514
106.0,,,2121389.773,-4.202,1.349,2.999,4.302,2.433,2.439,9.83,8.487
107.0,,,2132533.148,-4.201,1.349,2.999,4.301,2.425,2.429,9.801,8.453
108.0,,,2186896.773,-4.202,1.349,2.999,4.302,2.421,2.436,9.816,8.466
109.0,,,2404936.523,-0.113,0.11,2.999,4.3,2.457,2.754,9.604,10.622
110.0,,,2416699.146,-4.202,1.349,2.999,4.3,2.598,2.458,10.486,8.536
111.0,,,2427966.314,-4.202,1.349,2.999,4.3,2.45,2.458,9.895,8.544
112.0,,,2439219.179,-4.202,1.349,2.999,4.302,2.45,2.46,9.897,8.553
113.0,,,2450445.226,-4.201,1.349,2.999,4.3,2.448,2.458,9.886,8.546
114.0,,,2461669.867,-4.202,1.349,2.999,4.3,2.446,2.455,9.878,8.539
115.0,,,2472881.992,-4.201,1.349,2.999,4.3,2.443,2.443,9.868,8.503
116.0,,,2484100.328,-4.202,1.349,2.999,4.3,2.441,2.449,9.858,8.519
117.0,,,2495318.953,-4.202,1.349,2.999,4.302,2.437,2.446,9.846,8.507
118.0,,,2506497.898,-4.202,1.349,2.999,4.3,2.433,2.442,9.831,8.496
119.0,,,2517687.468,-4.201,1.349,2.999,4.3,2.431,2.429,9.821,8.456
120.0,,,2528877.484,-4.202,1.349,2.999,4.301,2.428,2.437,9.81,8.479
121.0,,,2540039.46,-4.201,1.349,2.999,4.302,2.425,2.434,9.798,8.469
122.0,,,2551209.679,-4.201,1.349,2.999,4.3,2.422,2.429,9.787,8.454
123.0,,,2562362.085,-4.202,1.349,2.999,4.3,2.419,2.415,9.777,8.41
124.0,,,2573489.992,-4.202,1.349,2.999,4.3,2.416,2.425,9.766,8.437
125.0,,,2584645.414,-4.202,1.349,2.999,4.301,2.414,2.416,9.757,8.406
126.0,,,2595788.71,-4.202,1.349,2.999,4.3,2.41,2.415,9.745,8.404
127.0,,,2606923.085,-4.201,1.349,2.999,4.3,2.408,2.417,9.734,8.406
128.0,,,2618039.242,-4.202,1.349,2.999,4.3,2.405,2.415,9.723,8.399
129.0,,,2629145.476,-4.202,1.349,2.999,4.301,2.403,2.412,9.715,8.391
130.0,,,2640248.46,-4.201,1.349,2.999,4.302,2.401,2.41,9.708,8.382
131.0,,,2651329.257,-4.202,1.349,2.999,4.303,2.398,2.408,9.699,8.374
132.0,,,2662364.367,-4.201,1.349,2.999,4.3,2.394,2.404,9.684,8.361
133.0,,,2716642.492,-4.202,1.349,2.999,4.302,2.39,2.402,9.699,8.338
134.0,,,2727761.679,-4.202,1.349,2.999,4.3,2.387,2.401,9.685,8.346
135.0,,,2738823.617,-4.201,1.349,2.999,4.3,2.395,2.402,9.687,8.351
136.0,,,2749893.554,-4.202,1.349,2.999,4.3,2.394,2.403,9.683,8.354
137.0,,,2760942.085,-4.202,1.349,2.999,4.3,2.39,2.388,9.668,8.306
138.0,,,2771955.148,-4.202,1.349,2.999,4.301,2.387,2.388,9.657,8.304
139.0,,,2782987.617,-4.202,1.349,2.999,4.3,2.384,2.388,9.645,8.302
140.0,,,2794008.085,-4.201,1.349,2.999,4.3,2.381,2.387,9.635,8.3
141.0,,,2804998.335,-4.201,1.349,2.999,4.3,2.379,2.389,9.625,8.304
142.0,,,2816016.117,-4.201,1.349,2.999,4.3,2.378,2.373,9.621,8.257
143.0,,,2827014.023,-4.201,1.349,2.999,4.301,2.375,2.384,9.61,8.287
144.0,,,2838023.648,-4.201,1.349,2.999,4.303,2.372,2.381,9.601,8.274
145.0,,,2849007.617,-4.202,1.349,2.999,4.3,2.369,2.373,9.587,8.25
146.0,,,2859968.46,-4.201,1.349,2.999,4.3,2.365,2.373,9.575,8.248
147.0,,,2870945.398,-4.201,1.349,2.999,4.3,2.364,2.359,9.568,8.204
148.0,,,2881902.867,-4.201,1.349,2.999,4.301,2.361,2.372,9.559,8.24
149.0,,,2892828.304,-4.201,1.35,2.999,4.302,2.359,2.37,9.551,8.233
150.0,,,2903756.398,-4.201,1.35,2.999,4.3,2.358,2.359,9.544,8.201
151.0,,,2914698.367,-4.202,1.349,2.999,4.3,2.356,2.365,9.539,8.216
152.0,,,2925640.398,-4.201,1.349,2.999,4.3,2.353,2.359,9.527,8.199
153.0,,,2936574.648,-4.201,1.349,2.999,4.3,2.351,2.359,9.52,8.197
154.0,,,2947524.21,-4.201,1.349,2.999,4.301,2.35,2.37,9.514,8.238
155.0,,,2958429.71,-4.201,1.349,2.999,4.302,2.347,2.345,9.503,8.151
156.0,,,2969355.585,-4.201,1.35,2.999,4.3,2.344,2.354,9.492,8.177
157.0,,,3023541.273,-4.202,1.35,2.999,4.302,2.341,2.35,9.513,8.146
158.0,,,3034562.808,-4.202,1.349,2.999,4.3,2.332,2.373,9.487,8.22
159.0,,,3045585.976,-4.201,1.349,2.999,4.3,2.362,2.374,9.563,8.232
160.0,,,3056604.054,-4.201,1.349,2.999,4.302,2.363,2.371,9.566,8.222
161.0,,,3067603.351,-4.202,1.349,2.999,4.3,2.359,2.359,9.55,8.186
162.0,,,3078574.136,-4.201,1.349,2.999,4.3,2.355,2.364,9.535,8.201
163.0,,,3089548.695,-4.201,1.349,2.999,4.3,2.353,2.362,9.525,8.192
164.0,,,3100512.375,-4.202,1.349,2.999,4.302,2.35,2.358,9.514,8.181
165.0,,,3111474.101,-4.201,1.349,2.999,4.3,2.346,2.345,9.499,8.14
166.0,,,3122402.906,-4.201,1.349,2.999,4.3,2.342,2.352,9.485,8.158
167.0,,,3133353.718,-4.201,1.349,2.999,4.3,2.34,2.345,9.476,8.138
168.0,,,3144270.773,-4.202,1.349,2.999,4.302,2.336,2.331,9.461,8.094
169.0,,,3155162.742,-4.201,1.349,2.999,4.3,2.332,2.342,9.446,8.125
170.0,,,3166083.101,-4.201,1.349,2.999,4.3,2.33,2.331,9.438,8.093
171.0,,,3176988.789,-4.201,1.35,2.999,4.3,2.328,2.331,9.432,8.092
172.0,,,3187886.132,-4.201,1.349,2.999,4.3,2.326,2.331,9.423,8.091
173.0,,,3198771.414,-4.201,1.35,2.999,4.302,2.324,2.331,9.416,8.089
174.0,,,3209652.726,-4.201,1.349,2.999,4.3,2.321,2.317,9.403,8.045
175.0,,,3220523.039,-4.201,1.349,2.999,4.3,2.319,2.327,9.395,8.074
176.0,,,3231403.351,-4.201,1.349,2.999,4.3,2.316,2.325,9.385,8.064
177.0,,,3242248.21,-4.201,1.35,2.999,4.301,2.313,2.322,9.373,8.056
178.0,,,3253112.351,-4.201,1.349,2.999,4.302,2.311,2.321,9.367,8.051
179.0,,,3263955.679,-4.201,1.349,2.999,4.3,2.309,2.318,9.358,8.042
180.0,,,3274799.632,-4.201,1.35,2.999,4.3,2.307,2.303,9.351,7.996
181.0,,,3328917.867,-4.202,1.349,2.999,4.302,2.305,2.312,9.377,8.002
182.0,,,3339835.929,-4.201,1.349,2.999,4.302,2.297,2.317,9.344,8.027
183.0,,,3350703.023,-4.201,1.349,2.999,4.3,2.306,2.323,9.349,8.058
184.0,,,3361580.898,-4.201,1.349,2.999,4.3,2.308,2.317,9.357,8.035
185.0,,,3372427.804,-4.201,1.349,2.999,4.3,2.305,2.314,9.343,8.023
186.0,,,3383247.679,-4.202,1.349,2.999,4.301,2.302,2.311,9.331,8.014
187.0,,,3394081.148,-4.201,1.349,2.999,4.303,2.3,2.308,9.324,8.003
188.0,,,3404918.367,-4.201,1.349,2.999,4.3,2.296,2.305,9.31,7.993
189.0,,,3415734.804,-4.201,1.35,2.999,4.3,2.293,2.303,9.299,7.983
190.0,,,3426531.929,-4.201,1.35,2.999,4.301,2.291,2.289,9.288,7.941
191.0,,,3437323.835,-4.201,1.349,2.999,4.302,2.288,2.298,9.281,7.965
192.0,,,3448101.804,-4.201,1.349,2.999,4.3,2.286,2.289,9.27,7.939
193.0,,,3458900.242,-4.201,1.349,2.999,4.3,2.284,2.294,9.264,7.95
194.0,,,3469673.679,-4.201,1.349,2.999,4.3,2.281,2.291,9.253,7.94
195.0,,,3480453.429,-4.201,1.349,2.999,4.3,2.279,2.288,9.245,7.93
196.0,,,3491198.367,-4.201,1.349,2.999,4.302,2.277,2.286,9.235,7.921
197.0,,,3501971.679,-4.201,1.349,2.999,4.302,2.275,2.284,9.23,7.916
198.0,,,3512702.992,-4.201,1.349,2.999,4.3,2.272,2.283,9.218,7.91
199.0,,,3523443.554,-4.201,1.349,2.999,4.3,2.271,2.275,9.214,7.886
200.0,,,3534164.804,-4.201,1.349,2.999,4.3,2.269,2.278,9.205,7.894
201.0,,,3544873.96,-4.201,1.349,2.999,4.3,2.267,2.275,9.199,7.882
202.0,,,3555566.273,-4.201,1.349,2.999,4.301,2.264,2.274,9.188,7.877
203.0,,,3566265.96,-4.201,1.349,2.999,4.302,2.263,2.261,9.184,7.836
204.0,,,3576935.023,-4.201,1.349,2.999,4.3,2.259,2.261,9.168,7.835
205.0,,,3630939.585,-4.202,1.349,2.999,4.302,2.257,2.262,9.191,7.817
206.0,,,3847384.164,-0.113,0.11,2.999,4.3,2.384,2.677,9.328,10.325
207.0,,,3859061.539,-4.202,1.349,2.999,4.301,2.52,2.319,10.208,8.014
208.0,,,3869954.339,-4.201,1.349,2.999,4.301,2.295,2.31,9.306,7.983
209.0,,,3880850.753,-4.201,1.349,2.999,4.3,2.299,2.303,9.322,7.964
210.0,,,3891694.851,-4.202,1.349,2.999,4.3,2.296,2.304,9.31,7.965
211.0,,,3902550.945,-4.201,1.349,2.999,4.301,2.294,2.289,9.3,7.921
212.0,,,3913412.71,-4.201,1.35,2.999,4.302,2.291,2.298,9.29,7.949
213.0,,,3924270.437,-4.201,1.349,2.999,4.3,2.287,2.289,9.275,7.92
214.0,,,3935128.64,-4.201,1.349,2.999,4.3,2.284,2.293,9.262,7.93
215.0,,,3945957.062,-4.201,1.349,2.999,4.301,2.281,2.275,9.25,7.876
216.0,,,3956776.32,-4.201,1.349,2.999,4.302,2.277,2.275,9.235,7.875
217.0,,,3967605.921,-4.202,1.349,2.999,4.3,2.273,2.275,9.222,7.874
218.0,,,3978387.75,-4.201,1.349,2.999,4.3,2.269,2.277,9.205,7.878
219.0,,,3989177.226,-4.201,1.349,2.999,4.301,2.266,2.277,9.195,7.878
220.0,,,3999965.992,-4.201,1.349,2.999,4.302,2.264,2.261,9.188,7.829
221.0,,,4010746.304,-4.201,1.349,2.999,4.3,2.261,2.261,9.176,7.827
222.0,,,4021523.976,-4.201,1.349,2.999,4.3,2.258,2.267,9.165,7.842
223.0,,,4032288.804,-4.201,1.349,2.999,4.3,2.255,2.263,9.154,7.829
224.0,,,4043035.882,-4.202,1.349,2.999,4.302,2.252,2.26,9.14,7.816
225.0,,,4053763.679,-4.201,1.349,2.999,4.3,2.248,2.256,9.125,7.805
226.0,,,4064492.32,-4.201,1.349,2.999,4.3,2.246,2.247,9.117,7.776
227.0,,,4075220.226,-4.201,1.349,2.999,4.3,2.243,2.247,9.108,7.775
228.0,,,4085899.398,-4.202,1.349,2.999,4.301,2.241,2.249,9.097,7.779
229.0,,,4096590.914,-4.201,1.349,2.999,4.302,2.239,2.233,9.09,7.73
230.0,,,4150547.82,-4.202,1.349,2.999,4.302,2.235,2.238,9.107,7.723
231.0,,,4161308.632,-4.201,1.349,2.999,4.303,2.224,2.233,9.064,7.721
232.0,,,4171992.164,-4.201,1.349,2.999,4.3,2.235,2.247,9.076,7.77
233.0,,,4182701.414,-4.201,1.349,2.999,4.3,2.237,2.247,9.084,7.769
234.0,,,4193422.789,-4.201,1.349,2.999,4.3,2.236,2.243,9.078,7.755
235.0,,,4204107.195,-4.201,1.35,2.999,4.3,2.232,2.233,9.063,7.724
236.0,,,4214772.789,-4.201,1.349,2.999,4.302,2.229,2.233,9.052,7.722
237.0,,,4225466.726,-4.201,1.349,2.999,4.3,2.225,2.219,9.04,7.678
238.0,,,4236127.632,-4.201,1.349,2.999,4.3,2.222,2.231,9.025,7.725
239.0,,,4246777.601,-4.201,1.35,2.999,4.3,2.219,2.228,9.015,7.702
240.0,,,4257397.851,-4.201,1.349,2.999,4.301,2.217,2.226,9.007,7.695
241.0,,,4268041.164,-4.201,1.35,2.999,4.302,2.216,2.219,9.002,7.673
242.0,,,4278676.664,-4.201,1.35,2.999,4.3,2.213,2.219,8.994,7.672
243.0,,,4289302.476,-4.201,1.35,2.999,4.3,2.211,2.22,8.983,7.672
244.0,,,4299931.57,-4.202,1.349,2.999,4.3,2.209,2.217,8.976,7.659
245.0,,,4310544.039,-4.201,1.349,2.999,4.301,2.205,2.205,8.962,7.623
246.0,,,4321125.945,-4.201,1.35,2.999,4.302,2.203,2.205,8.953,7.621
247.0,,,4331699.476,-4.201,1.349,2.999,4.3,2.2,2.205,8.942,7.62
248.0,,,4342295.007,-4.201,1.349,2.999,4.3,2.198,2.205,8.935,7.619
249.0,,,4352872.851,-4.201,1.349,2.999,4.3,2.197,2.205,8.929,7.617
250.0,,,4363460.914,-4.202,1.349,2.999,4.3,2.194,2.192,8.921,7.574
251.0,,,4374017.789,-4.201,1.349,2.999,4.301,2.191,2.191,8.906,7.571
252.0,,,4384578.039,-4.201,1.349,2.999,4.302,2.189,2.191,8.898,7.569
253.0,,,4395100.351,-4.201,1.349,2.999,4.3,2.184,2.204,8.88,7.619
254.0,,,4448937.414,-4.202,1.349,2.999,4.302,2.18,2.184,8.896,7.525
255.0,,,4459595.621,-4.202,1.349,2.999,4.3,2.171,2.197,8.862,7.573
256.0,,,4470189.541,-4.202,1.349,2.999,4.3,2.188,2.191,8.895,7.559
257.0,,,4480784.132,-4.202,1.349,2.999,4.3,2.188,2.202,8.897,7.598
258.0,,,4491394.628,-4.202,1.349,2.999,4.302,2.192,2.201,8.909,7.595
259.0,,,4501986.437,-4.202,1.349,2.999,4.302,2.19,2.191,8.902,7.566
260.0,,,4512575.492,-4.201,1.349,2.999,4.3,2.188,2.191,8.893,7.565
261.0,,,4523169.539,-4.202,1.349,2.999,4.3,2.187,2.191,8.889,7.565
262.0,,,4533743.718,-4.202,1.349,2.999,4.3,2.184,2.191,8.88,7.563
263.0,,,4544292.453,-4.201,1.349,2.999,4.3,2.182,2.177,8.871,7.518
264.0,,,4554869.796,-4.201,1.349,2.999,4.302,2.179,2.193,8.859,7.572
265.0,,,4565445.734,-4.201,1.349,2.999,4.303,2.177,2.186,8.854,7.543
266.0,,,4576022.914,-4.201,1.349,2.999,4.3,2.175,2.184,8.845,7.536
267.0,,,4586578.57,-4.202,1.349,2.999,4.3,2.173,2.177,8.837,7.515
268.0,,,4597157.867,-4.201,1.349,2.999,4.3,2.172,2.177,8.832,7.515
269.0,,,4607724.804,-4.201,1.349,2.999,4.3,2.17,2.179,8.826,7.52
270.0,,,4618279.914,-4.202,1.349,2.999,4.301,2.168,2.175,8.819,7.506
271.0,,,4628831.179,-4.202,1.349,2.999,4.302,2.165,2.173,8.806,7.498
272.0,,,4639376.351,-4.202,1.349,2.999,4.3,2.162,2.163,8.796,7.467
273.0,,,4649898.054,-4.201,1.349,2.999,4.3,2.159,2.163,8.785,7.465
274.0,,,4660440.898,-4.201,1.349,2.999,4.3,2.157,2.165,8.776,7.468
275.0,,,4670978.304,-4.202,1.349,2.999,4.302,2.154,2.149,8.766,7.421
276.0,,,4681482.539,-4.201,1.349,2.999,4.302,2.152,2.149,8.758,7.42
277.0,,,4691980.445,-4.201,1.349,2.999,4.3,2.151,2.149,8.752,7.419
278.0,,,4745776.289,-4.202,1.349,2.999,4.302,2.148,2.15,8.777,7.399
279.0,,,4756428.476,-4.201,1.349,2.999,4.3,2.137,2.149,8.734,7.414
280.0,,,4766985.164,-4.201,1.349,2.999,4.3,2.154,2.16,8.767,7.447
281.0,,,4777529.757,-4.201,1.349,2.999,4.3,2.15,2.162,8.752,7.457
282.0,,,4788048.476,-4.201,1.349,2.999,4.3,2.151,2.149,8.755,7.419
283.0,,,4798554.445,-4.201,1.349,2.999,4.3,2.151,2.149,8.752,7.417
284.0,,,4809060.914,-4.201,1.349,2.999,4.3,2.147,2.156,8.739,7.433
285.0,,,4819542.632,-4.201,1.349,2.999,4.3,2.144,2.149,8.727,7.412
286.0,,,4830015.664,-4.202,1.349,2.999,4.302,2.141,2.15,8.714,7.412
287.0,,,4840489.351,-4.201,1.349,2.999,4.3,2.138,2.135,8.706,7.367
288.0,,,4850970.539,-4.201,1.349,2.999,4.3,2.137,2.146,8.7,7.398
289.0,,,4861404.851,-4.201,1.349,2.999,4.3,2.134,2.144,8.69,7.391
290.0,,,4871872.882,-4.201,1.349,2.999,4.3,2.133,2.142,8.687,7.382
291.0,,,4882320.476,-4.201,1.349,2.999,4.301,2.131,2.138,8.676,7.369
292.0,,,4892748.257,-4.202,1.349,2.999,4.301,2.127,2.135,8.664,7.359
293.0,,,4903184.476,-4.201,1.349,2.999,4.3,2.125,2.121,8.654,7.316
294.0,,,4913599.757,-4.201,1.349,2.999,4.3,2.123,2.133,8.646,7.349
295.0,,,4924003.039,-4.201,1.349,2.999,4.3,2.121,2.121,8.64,7.313
296.0,,,4934402.882,-4.201,1.349,2.999,4.3,2.119,2.128,8.631,7.333
297.0,,,4944815.382,-4.202,1.349,2.999,4.301,2.118,2.121,8.627,7.312
298.0,,,4955245.976,-4.202,1.349,2.999,4.302,2.117,2.126,8.623,7.324
299.0,,,4965668.195,-4.201,1.349,2.999,4.3,2.115,2.123,8.614,7.314
300.0,,,4976049.164,-4.201,1.349,2.999,4.3,2.112,2.107,8.602,7.265
301.0,,,4986397.039,-4.201,1.349,2.999,4.3,2.109,2.117,8.591,7.292
302.0,,,5040105.726,-4.202,1.349,2.999,4.302,2.105,2.108,8.61,7.242
303.0,,,5255596.164,-0.113,0.11,2.999,4.3,2.323,2.606,9.095,10.04
304.0,,,5267312.483,-4.201,1.349,2.999,4.3,2.453,2.177,9.968,7.483
305.0,,,5277925.634,-4.201,1.349,2.999,4.3,2.171,2.188,8.829,7.531
306.0,,,5288508.964,-4.202,1.35,2.999,4.302,2.178,2.177,8.855,7.5
307.0,,,5299125.316,-4.201,1.35,2.999,4.302,2.179,2.177,8.856,7.502
308.0,,,5309705.441,-4.201,1.35,2.999,4.302,2.177,2.177,8.848,7.503
309.0,,,5320284.644,-4.201,1.349,2.999,4.3,2.174,2.183,8.839,7.518
310.0,,,5330857.187,-4.202,1.349,2.999,4.3,2.171,2.177,8.828,7.503
311.0,,,5341418.976,-4.202,1.349,2.999,4.3,2.169,2.177,8.818,7.501
312.0,,,5351986.148,-4.202,1.349,2.999,4.301,2.166,2.163,8.808,7.458
313.0,,,5362559.078,-4.202,1.349,2.999,4.3,2.163,2.177,8.797,7.519
314.0,,,5373146.242,-4.201,1.349,2.999,4.3,2.173,2.169,8.833,7.475
315.0,,,5383660.101,-4.202,1.349,2.999,4.3,2.157,2.163,8.77,7.455
316.0,,,5394200.554,-4.202,1.349,2.999,4.301,2.152,2.149,8.755,7.412
317.0,,,5404741.539,-4.202,1.349,2.999,4.3,2.149,2.149,8.741,7.411
318.0,,,5415242.57,-4.202,1.349,2.999,4.3,2.145,2.149,8.727,7.409
319.0,,,5425713.226,-4.202,1.349,2.999,4.3,2.142,2.149,8.715,7.407
320.0,,,5436199.429,-4.202,1.349,2.999,4.302,2.14,2.135,8.707,7.364
321.0,,,5446664.929,-4.201,1.349,2.999,4.3,2.136,2.144,8.693,7.388
322.0,,,5457084.164,-4.202,1.349,2.999,4.3,2.132,2.14,8.678,7.374
323.0,,,5467535.554,-4.201,1.349,2.999,4.3,2.13,2.135,8.67,7.359
324.0,,,5477978.367,-4.201,1.35,2.999,4.302,2.127,2.135,8.659,7.357
325.0,,,5488418.757,-4.201,1.35,2.999,4.3,2.125,2.132,8.648,7.346
326.0,,,5498836.351,-4.201,1.349,2.999,4.3,2.12,2.121,8.632,7.31
327.0,,,5552528.101,-4.202,1.349,2.999,4.302,2.114,2.116,8.644,7.272
328.0,,,5563066.257,-4.201,1.349,2.999,4.302,2.103,2.126,8.598,7.315
329.0,,,5573523.851,-4.202,1.349,2.999,4.302,2.117,2.131,8.62,7.34
330.0,,,5583977.132,-4.202,1.349,2.999,4.3,2.12,2.129,8.632,7.333
331.0,,,5594394.789,-4.201,1.35,2.999,4.301,2.118,2.121,8.621,7.307
332.0,,,5604813.382,-4.201,1.349,2.999,4.302,2.115,2.121,8.612,7.305
333.0,,,5615230.039,-4.201,1.349,2.999,4.3,2.111,2.119,8.595,7.296
334.0,,,5625639.414,-4.202,1.349,2.999,4.3,2.108,2.107,8.585,7.26
335.0,,,5636034.257,-4.202,1.349,2.999,4.3,2.106,2.107,8.575,7.257
336.0,,,5646412.132,-4.202,1.349,2.999,4.302,2.102,2.111,8.563,7.267
337.0,,,5656782.539,-4.202,1.349,2.999,4.303,2.1,2.107,8.555,7.254
338.0,,,5667128.601,-4.202,1.349,2.999,4.3,2.097,2.106,8.542,7.247
339.0,,,5677466.257,-4.202,1.349,2.999,4.3,2.095,2.093,8.534,7.208
340.0,,,5687773.414,-4.202,1.349,2.999,4.3,2.092,2.093,8.521,7.205
341.0,,,5698076.632,-4.202,1.349,2.999,4.302,2.088,2.093,8.509,7.203
342.0,,,5708361.789,-4.201,1.349,2.999,4.3,2.084,2.079,8.492,7.158
343.0,,,5718663.445,-4.201,1.349,2.999,4.3,2.082,2.079,8.484,7.157
344.0,,,5728979.476,-4.201,1.35,2.999,4.301,2.079,2.079,8.474,7.155
345.0,,,5739274.82,-4.201,1.349,2.999,4.302,2.077,2.085,8.463,7.172
346.0,,,5749527.132,-4.202,1.349,2.999,4.3,2.074,2.084,8.454,7.167
347.0,,,5759801.976,-4.201,1.349,2.999,4.3,2.073,2.079,8.45,7.153
348.0,,,5770070.226,-4.201,1.349,2.999,4.3,2.071,2.08,8.443,7.154
349.0,,,5780345.101,-4.202,1.349,2.999,4.3,2.069,2.077,8.436,7.143
350.0,,,5790589.914,-4.201,1.349,2.999,4.302,2.065,2.072,8.419,7.123
351.0,,,5844188.476,-4.202,1.35,2.999,4.302,2.057,2.059,8.423,7.061
352.0,,,5854648.251,-4.201,1.349,2.999,4.3,2.043,2.083,8.377,7.149
353.0,,,5864994.97,-4.201,1.35,2.999,4.3,2.075,2.079,8.456,7.146
354.0,,,5875310.042,-4.202,1.349,2.999,4.301,2.078,2.087,8.468,7.171
355.0,,,5885592.859,-4.201,1.349,2.999,4.302,2.076,2.083,8.458,7.156
356.0,,,5895931.226,-4.202,1.349,2.999,4.3,2.074,2.079,8.451,7.145
357.0,,,5906236.957,-4.202,1.349,2.999,4.3,2.07,2.079,8.438,7.144
358.0,,,5916548.343,-4.201,1.349,2.999,4.3,2.068,2.077,8.43,7.135
359.0,,,5926803.929,-4.202,1.349,2.999,4.301,2.065,2.073,8.416,7.124
360.0,,,5937093.468,-4.201,1.349,2.999,4.302,2.063,2.065,8.411,7.1
361.0,,,5947351.992,-4.202,1.349,2.999,4.3,2.059,2.065,8.396,7.098
362.0,,,5957638.296,-4.202,1.349,2.999,4.3,2.057,2.066,8.387,7.098
363.0,,,5967898.328,-4.202,1.349,2.999,4.301,2.054,2.064,8.377,7.091
364.0,,,5975653.882,0.0,1.349,2.999,4.302,2.039,0.0,8.313,0.0
365.0,,,5975653.882,0.0,0.0,2.999,2.999,0.0,0.0,0.0,0.0
366.0,,,5975653.882,0.0,0.0,2.999,2.999,0.0,0.0,0.0,0.0
367.0,,,5975653.882,0.0,0.0,2.999,2.999,0.0,0.0,0.0,0.0
368.0,,,5975653.882,0.0,0.0,2.999,2.999,0.0,0.0,0.0,0.0
369.0,,,5975653.882,0.0,0.0,2.999,2.999,0.0,0.0,0.0,0.0
370.0,,,5975653.882,0.0,0.0,2.999,2.999,0.0,0.0,0.0,0.0
371.0,,,5975653.882,0.0,0.0,2.999,2.999,0.0,0.0,0.0,0.0
372.0,,,5975653.882,0.0,0.0,2.999,2.999,0.0,0.0,0.0,0.0
373.0,,,5975653.882,0.0,0.0,2.999,2.999,0.0,0.0,0.0,0.0
374.0,,,5975653.882,0.0,0.0,2.999,2.999,0.0,0.0,0.0,0.0
375.0,,,5975653.882,0.0,0.0,2.999,2.999,0.0,0.0,0.0,0.0
376.0,,,5975653.882,0.0,0.0,2.999,2.999,0.0,0.0,0.0,0.0
377.0,,,5975653.882,0.0,0.0,2.999,2.999,0.0,0.0,0.0,0.0
378.0,,,5975653.882,0.0,0.0,2.999,2.999,0.0,0.0,0.0,0.0
379.0,,,5975653.882,0.0,0.0,2.999,2.999,0.0,0.0,0.0,0.0
380.0,,,5975653.882,0.0,0.0,2.999,2.999,0.0,0.0,0.0,0.0
381.0,,,5985329.023,-4.202,1.349,2.999,4.3,1.814,2.034,7.46,6.984
382.0,,,5995541.195,-4.202,1.349,2.999,4.3,2.024,2.023,8.26,6.951
383.0,,,6005752.773,-4.201,1.349,2.999,4.3,2.021,2.023,8.249,6.951
384.0,,,6015955.835,-4.201,1.349,2.999,4.301,2.019,2.023,8.242,6.949
385.0,,,6026147.679,-4.201,1.349,2.999,4.302,2.017,2.023,8.234,6.948
386.0,,,6036328.898,-4.201,1.349,2.999,4.303,2.015,2.024,8.228,6.947
387.0,,,6046520.929,-4.201,1.349,2.999,4.3,2.013,2.021,8.219,6.937
388.0,,,6056721.085,-4.201,1.349,2.999,4.3,2.011,2.018,8.21,6.927
389.0,,,6066869.257,-4.201,1.349,2.999,4.3,2.007,2.015,8.197,6.916
390.0,,,6077025.476,-4.201,1.35,2.999,4.301,2.005,2.013,8.189,6.906
391.0,,,6087174.601,-4.201,1.35,2.999,4.3,2.002,2.011,8.176,6.899
392.0,,,6097289.601,-4.201,1.35,2.999,4.3,2.0,1.995,8.166,6.852
393.0,,,6107442.914,-4.201,1.349,2.999,4.3,1.999,1.995,8.163,6.851
394.0,,,6117587.851,-4.201,1.35,2.999,4.3,1.997,1.995,8.156,6.85
395.0,,,6127704.789,-4.201,1.35,2.999,4.3,1.995,1.995,8.148,6.849
396.0,,,6137816.476,-4.201,1.349,2.999,4.301,1.994,1.995,8.144,6.847
397.0,,,6147909.07,-4.201,1.349,2.999,4.302,1.99,1.998,8.131,6.851
398.0,,,6201425.07,-4.202,1.349,2.999,4.303,1.983,1.981,8.139,6.774
399.0,,,6415015.476,-0.113,0.11,2.999,4.3,2.267,2.541,8.883,9.775
400.0,,,6426825.971,-4.202,1.349,2.999,4.303,2.389,2.024,9.739,6.916
401.0,,,6437171.89,-4.202,1.349,2.999,4.301,2.023,2.037,8.258,6.973
402.0,,,6447494.515,-4.202,1.349,2.999,4.301,2.032,2.044,8.289,6.998
403.0,,,6457781.425,-4.202,1.349,2.999,4.3,2.033,2.042,8.293,6.992
404.0,,,6468067.378,-4.202,1.349,2.999,4.3,2.032,2.041,8.292,6.99
405.0,,,6478360.402,-4.201,1.349,2.999,4.301,2.031,2.039,8.287,6.985
406.0,,,6488644.914,-4.202,1.349,2.999,4.302,2.029,2.023,8.279,6.937
407.0,,,6498905.843,-4.202,1.349,2.999,4.3,2.026,2.023,8.266,6.937
408.0,,,6509148.304,-4.202,1.349,2.999,4.3,2.024,2.023,8.259,6.937
409.0,,,6519414.101,-4.202,1.349,2.999,4.3,2.022,2.028,8.252,6.951
410.0,,,6529663.859,-4.202,1.349,2.999,4.301,2.018,2.023,8.237,6.935
411.0,,,6539946.132,-4.202,1.349,2.999,4.303,2.017,2.023,8.231,6.932
412.0,,,6550171.414,-4.202,1.349,2.999,4.3,2.012,2.019,8.212,6.92
413.0,,,6560433.367,-4.201,1.349,2.999,4.3,2.01,2.016,8.205,6.909
414.0,,,6570639.257,-4.201,1.349,2.999,4.302,2.005,2.012,8.187,6.895
415.0,,,6580881.648,-4.201,1.349,2.999,4.3,2.002,2.009,8.177,6.885
416.0,,,6591120.914,-4.201,1.349,2.999,4.3,2.0,1.995,8.166,6.841
417.0,,,6601335.351,-4.201,1.349,2.999,4.301,1.996,2.002,8.152,6.857
418.0,,,6611542.382,-4.201,1.35,2.999,4.3,1.992,1.999,8.136,6.848
419.0,,,6621711.257,-4.201,1.349,2.999,4.3,1.989,1.996,8.123,6.836
420.0,,,6631899.601,-4.202,1.349,2.999,4.3,1.986,1.992,8.113,6.825
421.0,,,6642081.398,-4.201,1.349,2.999,4.302,1.982,1.99,8.1,6.817
422.0,,,6652235.898,-4.201,1.349,2.999,4.3,1.979,1.981,8.087,6.787
423.0,,,6705758.289,-4.202,1.349,2.999,4.302,1.97,1.965,8.092,6.71
424.0,,,6716054.007,-4.201,1.349,2.999,4.3,1.953,1.981,8.023,6.779
425.0,,,6726220.601,-4.202,1.349,2.999,4.3,1.974,1.981,8.069,6.787
426.0,,,6736345.695,-4.202,1.349,2.999,4.3,1.978,1.987,8.081,6.802
427.0,,,6738757.539,0.0,1.349,3.559,4.039,0.896,0.0,3.529,0.0
428.0,,,6746606.434,-4.202,1.349,2.999,4.3,1.075,1.979,4.526,6.77
429.0,,,6756729.537,-4.202,1.349,2.999,4.301,1.972,1.986,8.059,6.797
430.0,,,6766839.617,-4.202,1.349,2.999,4.3,1.976,1.981,8.073,6.783
431.0,,,6776913.347,-4.202,1.349,2.999,4.3,1.972,1.979,8.06,6.775
432.0,,,6786979.074,-4.201,1.349,2.999,4.301,1.97,1.967,8.048,6.737
433.0,,,6797053.121,-4.202,1.349,2.999,4.301,1.966,1.972,8.034,6.748
434.0,,,6807116.671,-4.202,1.349,2.999,4.3,1.962,1.969,8.018,6.738
435.0,,,6817166.148,-4.202,1.349,2.999,4.3,1.958,1.953,8.005,6.689
436.0,,,6827206.718,-4.201,1.349,2.999,4.302,1.955,1.962,7.993,6.713
437.0,,,6837271.875,-4.201,1.35,2.999,4.3,1.952,1.953,7.98,6.686
438.0,,,6847291.585,-4.201,1.349,2.999,4.3,1.95,1.953,7.971,6.686
439.0,,,6857313.125,-4.202,1.349,2.999,4.3,1.949,1.953,7.967,6.685
440.0,,,6867312.734,-4.202,1.349,2.999,4.3,1.945,1.954,7.954,6.685
441.0,,,6877341.632,-4.202,1.349,2.999,4.3,1.944,1.952,7.949,6.679
442.0,,,6887373.507,-4.202,1.349,2.999,4.302,1.942,1.949,7.942,6.666
443.0,,,6897386.554,-4.202,1.349,2.999,4.3,1.939,1.947,7.928,6.66
444.0,,,6907382.851,-4.202,1.349,2.999,4.3,1.936,1.946,7.92,6.655
445.0,,,6917358.242,-4.202,1.349,2.999,4.3,1.935,1.939,7.914,6.634
446.0,,,6927333.351,-4.202,1.349,2.999,4.301,1.932,1.925,7.902,6.59
447.0,,,6937305.382,-4.202,1.349,2.999,4.302,1.929,1.937,7.89,6.622
448.0,,,6947262.726,-4.201,1.349,2.999,4.3,1.925,1.931,7.875,6.601
449.0,,,7000654.695,-4.202,1.349,2.999,4.302,1.916,1.911,7.881,6.512
450.0,,,7011094.501,-4.202,1.349,2.999,4.3,1.891,1.955,7.8,6.677
451.0,,,7021270.437,-4.202,1.349,2.999,4.3,1.95,1.961,7.975,6.701
452.0,,,7031384.039,-4.202,1.349,2.999,4.3,1.952,1.953,7.98,6.678
453.0,,,7041469.062,-4.202,1.349,2.999,4.3,1.95,1.953,7.971,6.678
454.0,,,7051556.773,-4.202,1.349,2.999,4.3,1.948,1.956,7.961,6.686
455.0,,,7061596.484,-4.202,1.349,2.999,4.3,1.946,1.939,7.953,6.635
456.0,,,7071675.843,-4.202,1.349,2.999,4.301,1.943,1.95,7.943,6.665
457.0,,,7081740.742,-4.202,1.349,2.999,4.3,1.939,1.946,7.93,6.652
458.0,,,7091804.132,-4.202,1.349,2.999,4.3,1.936,1.939,7.918,6.631
459.0,,,7101846.531,-4.202,1.349,2.999,4.3,1.933,1.941,7.903,6.636
460.0,,,7111923.109,-4.201,1.349,2.999,4.301,1.932,1.939,7.9,6.628
461.0,,,7121995.718,-4.202,1.349,2.999,4.3,1.929,1.936,7.888,6.621
462.0,,,7132050.367,-4.202,1.349,2.999,4.3,1.926,1.925,7.879,6.586
463.0,,,7142119.148,-4.202,1.349,2.999,4.3,1.924,1.925,7.871,6.585
464.0,,,7152161.476,-4.202,1.349,2.999,4.301,1.921,1.93,7.858,6.597
465.0,,,7162226.304,-4.201,1.349,2.999,4.3,1.92,2.046,7.852,7.023
466.0,,,7172669.382,-4.201,1.349,2.999,4.3,2.033,2.023,8.292,6.944
467.0,,,7182988.382,-4.201,1.349,2.999,4.3,2.025,1.895,8.26,6.468
468.0,,,7192969.992,-4.201,1.349,2.999,4.301,1.887,1.906,7.728,6.51
469.0,,,7202966.82,-4.201,1.349,2.999,4.301,1.897,1.907,7.766,6.514
470.0,,,7212946.148,-4.201,1.349,2.999,4.301,1.897,1.908,7.769,6.52
471.0,,,7222940.226,-4.201,1.349,2.999,4.3,1.898,1.903,7.772,6.501
472.0,,,7232881.929,-4.201,1.349,2.999,4.3,1.893,1.897,7.749,6.48
473.0,,,7261509.507,0.0,1.349,3.68,4.303,1.883,0.0,7.753,0.0
474.0,,,7264416.802,-4.202,1.348,2.999,4.397,0.051,1.841,0.223,6.261
475.0,,,7274054.882,-4.202,1.349,2.999,4.301,1.815,1.856,7.447,6.327
476.0,,,7283808.195,-4.202,1.349,2.999,4.301,1.844,1.855,7.559,6.328
477.0,,,7293613.474,-4.201,1.349,2.999,4.3,1.848,1.855,7.573,6.327
478.0,,,7303446.625,-4.202,1.35,2.999,4.3,1.847,1.856,7.57,6.329
479.0,,,7313270.179,-4.202,1.349,2.999,4.301,1.846,1.841,7.566,6.283
480.0,,,7323097.507,-4.202,1.35,2.999,4.302,1.844,1.852,7.559,6.313
481.0,,,7332899.906,-4.201,1.349,2.999,4.3,1.841,1.849,7.547,6.302
482.0,,,7342709.89,-4.202,1.349,2.999,4.3,1.839,1.846,7.537,6.292
483.0,,,7352484.132,-4.202,1.349,2.999,4.3,1.835,1.841,7.525,6.276
484.0,,,7362265.187,-4.202,1.349,2.999,4.3,1.833,1.841,7.516,6.274
485.0,,,7372051.523,-4.202,1.349,2.999,4.301,1.832,1.839,7.51,6.265
486.0,,,7381850.82,-4.202,1.349,2.999,4.302,1.829,1.838,7.502,6.261
487.0,,,7391618.242,-4.202,1.349,2.999,4.301,1.828,1.827,7.494,6.23
488.0,,,7401373.57,-4.202,1.349,2.999,4.3,1.826,1.827,7.488,6.228
489.0,,,7411119.242,-4.202,1.349,2.999,4.3,1.823,1.827,7.478,6.227
490.0,,,7420870.304,-4.202,1.349,2.999,4.3,1.821,1.827,7.469,6.226
491.0,,,7430642.242,-4.202,1.349,2.999,4.301,1.82,1.827,7.464,6.225
492.0,,,7440393.507,-4.202,1.349,2.999,4.302,1.818,1.824,7.456,6.214
493.0,,,7450148.289,-4.202,1.349,2.999,4.3,1.814,1.823,7.444,6.21
494.0,,,7459901.96,-4.201,1.349,2.999,4.3,1.814,1.824,7.441,6.214
495.0,,,7469672.773,-4.202,1.349,2.999,4.3,1.813,1.823,7.437,6.208
496.0,,,7479475.101,-4.202,1.349,2.999,4.3,1.813,1.813,7.44,6.181
497.0,,,7532692.851,-4.202,1.35,2.999,4.302,1.804,1.784,7.448,6.052
498.0,,,7745183.96,-0.113,0.11,2.999,4.3,2.195,2.454,8.612,9.421
499.0,,,7757235.767,-4.202,1.349,2.999,4.3,2.311,1.846,9.463,6.271
500.0,,,7767218.072,-4.201,1.349,2.999,4.302,1.846,1.86,7.567,6.324
501.0,,,7777146.583,-4.202,1.349,2.999,4.302,1.854,1.866,7.597,6.349
502.0,,,7787041.718,-4.201,1.349,2.999,4.3,1.857,1.855,7.609,6.317
503.0,,,7796998.871,-4.202,1.35,2.999,4.3,1.858,1.855,7.613,6.32
504.0,,,7806933.496,-4.202,1.349,2.999,4.3,1.857,1.865,7.608,6.351
505.0,,,7816818.882,-4.201,1.349,2.999,4.328,1.855,1.863,7.601,6.345
506.0,,,7826741.281,-4.201,1.349,2.999,4.303,1.853,1.855,7.594,6.321
507.0,,,7836674.242,-4.201,1.349,2.999,4.3,1.851,1.859,7.586,6.331
508.0,,,7846573.695,-4.201,1.349,2.999,4.3,1.848,1.855,7.574,6.32
509.0,,,7856495.875,-4.202,1.349,2.999,4.301,1.846,1.841,7.566,6.278
510.0,,,7866392.96,-4.201,1.349,2.999,4.302,1.843,1.85,7.554,6.302
511.0,,,7876275.289,-4.201,1.349,2.999,4.3,1.84,1.841,7.541,6.276
512.0,,,7886163.929,-4.201,1.349,2.999,4.3,1.838,1.846,7.534,6.289
513.0,,,7896013.757,-4.201,1.349,2.999,4.3,1.836,1.841,7.525,6.273
514.0,,,7905899.257,-4.202,1.349,2.999,4.302,1.832,1.839,7.512,6.262
515.0,,,7915776.226,-4.202,1.349,2.999,4.3,1.829,1.835,7.498,6.252
516.0,,,7925648.164,-4.202,1.349,2.999,4.3,1.826,1.967,7.482,6.722
517.0,,,7935981.851,-4.202,1.349,2.999,4.3,1.959,1.953,8.003,6.671
518.0,,,7946296.867,-4.201,1.349,2.999,4.3,1.95,1.953,7.969,6.666
519.0,,,7956580.71,-4.202,1.35,2.999,4.3,1.944,1.951,7.947,6.655
520.0,,,7966844.445,-4.201,1.349,2.999,4.302,1.94,1.939,7.931,6.619
521.0,,,7977090.335,-4.201,1.349,2.999,4.3,1.935,1.939,7.914,6.614
522.0,,,8030782.742,-4.202,1.349,2.999,4.302,1.92,2.072,7.91,7.148
523.0,,,8041185.617,-4.201,1.349,2.999,4.3,1.887,1.923,7.779,6.541
524.0,,,8051435.367,-4.201,1.349,2.999,4.302,1.918,1.937,7.85,6.599
525.0,,,8061631.242,-4.201,1.349,2.999,4.302,1.928,1.939,7.885,6.61
526.0,,,8071861.429,-4.201,1.35,2.999,4.3,1.93,1.925,7.893,6.568
527.0,,,8082014.429,-4.202,1.349,2.999,4.301,1.927,1.925,7.881,6.567
528.0,,,8092198.96,-4.201,1.349,2.999,4.302,1.925,1.925,7.874,6.565
529.0,,,8102383.679,-4.201,1.35,2.999,4.3,1.922,1.925,7.862,6.563
530.0,,,8112504.148,-4.201,1.349,2.999,4.3,1.918,1.926,7.846,6.564
531.0,,,8122637.867,-4.202,1.349,2.999,4.3,1.916,1.911,7.838,6.518
532.0,,,8132772.867,-4.202,1.349,2.999,4.301,1.914,1.911,7.829,6.516
533.0,,,8142916.242,-4.202,1.349,2.999,4.302,1.911,1.911,7.82,6.516
534.0,,,8153074.023,-4.202,1.349,2.999,4.3,1.909,1.911,7.81,6.514
535.0,,,8163246.148,-4.201,1.349,2.999,4.3,1.907,1.911,7.802,6.513
536.0,,,8173371.21,-4.202,1.349,2.999,4.3,1.904,1.912,7.79,6.513
537.0,,,8183523.804,-4.201,1.349,2.999,4.301,1.902,1.91,7.784,6.507
538.0,,,8193676.929,-4.201,1.349,2.999,4.302,1.9,1.897,7.776,6.466
539.0,,,8203755.554,-4.201,1.349,2.999,4.3,1.897,1.897,7.761,6.464
540.0,,,8213867.898,-4.202,1.349,2.999,4.3,1.895,1.897,7.757,6.464
541.0,,,8223998.304,-4.201,1.349,2.999,4.3,1.895,1.904,7.756,6.485
542.0,,,8234120.179,-4.201,1.349,2.999,4.3,1.893,1.897,7.747,6.462
543.0,,,8244249.398,-4.201,1.349,2.999,4.301,1.892,1.897,7.744,6.461
544.0,,,8254347.71,-4.201,1.349,2.999,4.302,1.89,1.897,7.735,6.46
545.0,,,8264435.429,-4.201,1.349,2.999,4.3,1.885,1.883,7.718,6.405
546.0,,,8317976.773,-4.202,1.349,2.999,4.303,1.862,1.842,7.685,6.231
547.0,,,8328191.96,-4.201,1.349,2.999,4.302,1.833,1.869,7.566,6.355
548.0,,,8338993.835,-4.201,1.35,2.999,4.301,1.872,1.883,7.664,6.404
549.0,,,8349180.335,-4.201,1.349,2.999,4.301,1.88,1.897,7.7,6.457
550.0,,,8359353.335,-4.201,1.35,2.999,4.3,1.887,1.894,7.723,6.446
551.0,,,8369524.335,-4.201,1.349,2.999,4.3,1.884,1.892,7.712,6.439
552.0,,,8379693.96,-4.201,1.35,2.999,4.3,1.882,1.883,7.704,6.41
553.0,,,8389834.46,-4.201,1.35,2.999,4.3,1.88,1.891,7.697,6.436
554.0,,,8400006.335,-4.201,1.349,2.999,4.301,1.881,1.887,7.7,6.422
555.0,,,8410185.648,-4.201,1.35,2.999,4.303,1.878,1.889,7.689,6.43
556.0,,,8420338.648,-4.201,1.349,2.999,4.302,1.879,1.889,7.693,6.428
557.0,,,8430516.148,-4.201,1.35,2.999,4.302,1.879,1.886,7.691,6.42
558.0,,,8440680.335,-4.202,1.35,2.999,4.3,1.876,1.883,7.68,6.409
559.0,,,8450838.398,-4.202,1.349,2.999,4.3,1.873,1.88,7.669,6.396
560.0,,,8460956.085,-4.201,1.349,2.999,4.3,1.869,1.877,7.655,6.385
561.0,,,8471096.023,-4.201,1.349,2.999,4.301,1.868,1.869,7.648,6.36
562.0,,,8481203.148,-4.201,1.35,2.999,4.302,1.865,1.869,7.639,6.359
563.0,,,8491282.148,-4.201,1.349,2.999,4.303,1.863,1.871,7.629,6.361
564.0,,,8501357.335,-4.201,1.349,2.999,4.3,1.86,1.855,7.619,6.313
565.0,,,8511409.023,-4.201,1.349,2.999,4.3,1.857,1.865,7.608,6.34
566.0,,,8521461.273,-4.201,1.349,2.999,4.3,1.855,1.862,7.597,6.331
567.0,,,8531516.835,-4.201,1.35,2.999,4.301,1.852,1.859,7.588,6.319
568.0,,,8541547.71,-4.201,1.35,2.999,4.303,1.848,1.854,7.57,6.298
569.0,,,8551574.585,-4.201,1.35,2.999,4.302,1.839,1.837,7.536,6.234
570.0,,,8605099.523,-4.202,1.35,2.999,4.303,1.82,1.805,7.52,6.096
571.0,,,8615195.585,-4.201,1.349,2.999,4.301,1.795,1.847,7.413,6.263
572.0,,,8625283.273,-4.201,1.35,2.999,4.301,1.841,1.857,7.546,6.306
573.0,,,8635356.523,-4.201,1.349,2.999,4.302,1.849,1.86,7.575,6.318
574.0,,,8645419.21,-4.201,1.35,2.999,4.301,1.85,1.858,7.578,6.31
575.0,,,8655483.585,-4.201,1.349,2.999,4.3,1.847,1.841,7.565,6.259
576.0,,,8665553.21,-4.201,1.349,2.999,4.3,1.844,1.841,7.556,6.257
577.0,,,8675631.46,-4.201,1.35,2.999,4.3,1.842,1.854,7.547,6.297
578.0,,,8685693.21,-4.201,1.349,2.999,4.3,1.843,1.841,7.551,6.257
579.0,,,8695779.648,-4.201,1.349,2.999,4.301,1.84,1.841,7.54,6.255
580.0,,,8705830.585,-4.201,1.35,2.999,4.302,1.839,1.841,7.535,6.257
581.0,,,8715929.96,-4.201,1.35,2.999,4.302,1.84,1.841,7.537,6.257
582.0,,,8725991.71,-4.201,1.35,2.999,4.3,1.837,1.846,7.527,6.271
583.0,,,8736112.648,-4.201,1.349,2.999,4.3,1.837,1.845,7.526,6.268
584.0,,,8746173.648,-4.201,1.35,2.999,4.3,1.834,1.843,7.517,6.26
585.0,,,8756216.273,-4.202,1.349,2.999,4.3,1.832,1.841,7.509,6.253
586.0,,,8766263.085,-4.201,1.349,2.999,4.3,1.831,1.827,7.503,6.21
587.0,,,8776313.898,-4.201,1.349,2.999,4.302,1.829,1.827,7.495,6.208
588.0,,,8786381.835,-4.201,1.35,2.999,4.303,1.827,1.827,7.489,6.207
589.0,,,8796414.335,-4.201,1.35,2.999,4.3,1.823,1.831,7.474,6.215
590.0,,,8806411.335,-4.201,1.349,2.999,4.3,1.82,1.828,7.459,6.204
591.0,,,8816429.46,-4.201,1.349,2.999,4.3,1.817,1.813,7.45,6.158
592.0,,,8826418.21,-4.201,1.35,2.999,4.3,1.81,1.799,7.423,6.102
593.0,,,8836404.585,-4.201,1.35,2.999,4.3,1.795,1.785,7.366,6.049
594.0,,,8889799.585,-4.201,1.349,2.999,4.303,1.778,1.762,7.353,5.939
595.0,,,9095604.679,-0.113,0.111,2.999,4.3,2.117,2.374,8.318,9.081
596.0,,,9108069.189,-4.202,1.349,2.999,4.301,2.234,1.813,9.196,6.122
597.0,,,9118308.166,-4.202,1.349,2.999,4.3,1.828,1.847,7.497,6.248
598.0,,,9128499.812,-4.202,1.349,2.999,4.3,1.843,1.856,7.551,6.285
599.0,,,9138622.183,-4.202,1.349,2.999,4.303,1.848,1.855,7.567,6.286
600.0,,,9148792.613,-4.201,1.349,2.999,4.302,1.849,1.857,7.573,6.293
601.0,,,9158978.789,-4.201,1.349,2.999,4.3,1.848,1.855,7.568,6.289
602.0,,,9169135.687,-4.201,1.349,2.999,4.3,1.845,1.852,7.558,6.28
603.0,,,9179317.218,-4.201,1.349,2.999,4.3,1.843,1.849,7.549,6.27
604.0,,,9189484.132,-4.201,1.349,2.999,4.301,1.84,1.841,7.538,6.245
605.0,,,9199601.187,-4.202,1.349,2.999,4.3,1.835,1.84,7.52,6.238
606.0,,,9209690.953,-4.201,1.349,2.999,4.3,1.83,1.838,7.499,6.231
607.0,,,9219791.945,-4.201,1.349,2.999,4.302,1.826,1.832,7.483,6.208
608.0,,,9229881.085,-4.201,1.35,2.999,4.3,1.822,1.827,7.466,6.193
609.0,,,9239955.242,-4.201,1.349,2.999,4.3,1.818,1.813,7.452,6.149
610.0,,,9250029.898,-4.201,1.349,2.999,4.301,1.815,1.822,7.442,6.174
611.0,,,9260052.835,-4.201,1.349,2.999,4.303,1.812,1.819,7.428,6.163
612.0,,,9270094.242,-4.201,1.349,2.999,4.3,1.809,1.813,7.416,6.145
613.0,,,9280088.71,-4.201,1.349,2.999,4.3,1.805,1.799,7.403,6.102
614.0,,,9290079.367,-4.202,1.349,2.999,4.3,1.803,1.799,7.395,6.1
615.0,,,9300038.632,-4.201,1.349,2.999,4.302,1.799,1.799,7.38,6.098
616.0,,,9309999.46,-4.201,1.349,2.999,4.3,1.796,1.799,7.367,6.095
617.0,,,9319931.07,-4.201,1.349,2.999,4.3,1.793,1.799,7.353,6.094
618.0,,,9329841.476,-4.201,1.349,2.999,4.3,1.789,1.785,7.337,6.047
619.0,,,9383320.554,-4.202,1.349,2.999,4.302,1.77,1.925,7.327,6.602
620.0,,,9393498.304,-4.202,1.349,2.999,4.302,1.742,1.771,7.211,5.99
621.0,,,9403464.023,-4.202,1.349,2.999,4.302,1.776,1.793,7.292,6.067
622.0,,,9413383.773,-4.201,1.349,2.999,4.302,1.785,1.785,7.323,6.047
623.0,,,9423315.71,-4.201,1.349,2.999,4.301,1.788,1.795,7.334,6.077
624.0,,,9433260.742,-4.201,1.349,2.999,4.301,1.786,1.794,7.327,6.072
625.0,,,9443183.335,-4.202,1.349,2.999,4.302,1.784,1.785,7.318,6.046
626.0,,,9453079.398,-4.202,1.349,2.999,4.3,1.779,1.785,7.3,6.044
627.0,,,9463001.398,-4.202,1.349,2.999,4.3,1.778,1.771,7.296,6.0
628.0,,,9472916.929,-4.202,1.349,2.999,4.3,1.775,1.781,7.284,6.029
629.0,,,9482805.742,-4.202,1.349,2.999,4.302,1.772,1.771,7.27,5.997
630.0,,,9492679.523,-4.202,1.349,2.999,4.3,1.769,1.776,7.259,6.01
631.0,,,9502578.585,-4.202,1.349,2.999,4.3,1.767,1.775,7.251,6.005
632.0,,,9512479.835,-4.201,1.349,2.999,4.3,1.765,1.773,7.245,5.999
633.0,,,9522365.96,-4.202,1.349,2.999,4.301,1.763,1.771,7.238,5.991
634.0,,,9532264.148,-4.202,1.349,2.999,4.302,1.762,1.769,7.231,5.986
635.0,,,9542095.554,-4.202,1.349,2.999,4.3,1.758,1.757,7.217,5.946
636.0,,,9551989.335,-4.201,1.349,2.999,4.3,1.756,1.757,7.211,5.945
637.0,,,9561871.335,-4.202,1.349,2.999,4.3,1.754,1.757,7.201,5.944
638.0,,,9571715.117,-4.201,1.349,2.999,4.301,1.751,1.759,7.191,5.947
639.0,,,9581599.179,-4.201,1.349,2.999,4.302,1.75,1.758,7.185,5.943
640.0,,,9591469.523,-4.201,1.349,2.999,4.3,1.748,1.743,7.176,5.897
641.0,,,9601358.023,-4.202,1.35,2.999,4.3,1.746,1.743,7.169,5.896
642.0,,,9611202.585,-4.201,1.349,2.999,4.3,1.74,1.749,7.148,5.918
643.0,,,9622602.929,0.0,0.0,3.681,3.737,0.0,0.0,0.0,0.0
644.0,,,9626154.32,-4.202,1.349,2.999,4.39,0.084,1.715,0.362,5.782
645.0,,,9635859.632,-4.201,1.349,2.999,4.3,1.703,1.729,7.001,5.841
646.0,,,9645667.824,-4.202,1.35,2.999,4.301,1.725,1.742,7.089,5.885
647.0,,,9655528.656,-4.202,1.349,2.999,4.3,1.732,1.729,7.116,5.849
648.0,,,9665410.929,-4.201,1.349,2.999,4.3,1.733,1.741,7.119,5.885
649.0,,,9675324.304,-4.202,1.349,2.999,4.3,1.732,1.729,7.115,5.848
650.0,,,9685186.226,-4.202,1.349,2.999,4.3,1.729,1.736,7.103,5.865
651.0,,,9695061.296,-4.202,1.349,2.999,4.301,1.727,1.729,7.094,5.844
652.0,,,9704944.781,-4.201,1.349,2.999,4.302,1.724,1.729,7.085,5.847
653.0,,,9714819.117,-4.201,1.349,2.999,4.301,1.726,1.734,7.089,5.861
654.0,,,9724694.093,-4.202,1.349,2.999,4.302,1.725,1.732,7.085,5.852
655.0,,,9734564.015,-4.202,1.349,2.999,4.3,1.722,1.729,7.073,5.843
656.0,,,9744433.585,-4.202,1.349,2.999,4.3,1.72,1.715,7.065,5.799
657.0,,,9754268.726,-4.202,1.349,2.999,4.3,1.717,1.726,7.057,5.831
658.0,,,9764083.882,-4.202,1.349,2.999,4.3,1.716,1.724,7.051,5.823
659.0,,,9773892.914,-4.202,1.349,2.999,4.3,1.714,1.722,7.044,5.814
660.0,,,9783697.07,-4.201,1.349,2.999,4.301,1.712,1.72,7.036,5.806
661.0,,,9793498.679,-4.202,1.349,2.999,4.303,1.71,1.718,7.028,5.8
662.0,,,9803328.851,-4.202,1.349,2.999,4.3,1.709,1.717,7.023,5.796
663.0,,,9813127.085,-4.202,1.349,2.999,4.3,1.707,1.715,7.016,5.79
664.0,,,9822934.648,-4.202,1.349,2.999,4.3,1.706,1.701,7.012,5.747
665.0,,,9832734.414,-4.202,1.349,2.999,4.3,1.704,1.701,7.006,5.746
666.0,,,9842477.039,-4.201,1.349,2.999,4.3,1.7,1.707,6.99,5.76
667.0,,,9895802.585,-4.202,1.349,2.999,4.302,1.684,1.653,6.987,5.545
668.0,,,9905788.492,-4.202,1.349,2.999,4.302,1.642,1.659,6.816,5.587
669.0,,,9915561.523,-4.202,1.349,2.999,4.3,1.666,1.687,6.859,5.685
670.0,,,9925355.054,-4.201,1.349,2.999,4.3,1.682,1.691,6.919,5.699
671.0,,,9935091.617,-4.202,1.349,2.999,4.3,1.682,1.691,6.918,5.701
672.0,,,9944870.71,-4.202,1.349,2.999,4.3,1.683,1.687,6.922,5.688
673.0,,,9954649.179,-4.202,1.349,2.999,4.3,1.683,1.688,6.92,5.688
674.0,,,9964449.46,-4.202,1.349,2.999,4.3,1.681,1.687,6.912,5.687
675.0,,,9974164.742,-4.202,1.349,2.999,4.3,1.679,1.684,6.905,5.675
676.0,,,9983903.242,-4.201,1.349,2.999,4.301,1.676,1.686,6.891,5.68
677.0,,,9993621.398,-4.202,1.349,2.999,4.3,1.676,1.673,6.893,5.641
678.0,,,10003322.023,-4.202,1.349,2.999,4.301,1.674,1.681,6.886,5.664
679.0,,,10013006.617,-4.202,1.349,2.999,4.302,1.672,1.673,6.877,5.639
680.0,,,10022695.148,-4.202,1.349,2.999,4.3,1.668,1.675,6.863,5.642
681.0,,,10032360.992,-4.202,1.349,2.999,4.3,1.665,1.672,6.85,5.635
682.0,,,10042021.867,-4.202,1.349,2.999,4.3,1.663,1.671,6.843,5.631
683.0,,,10051677.335,-4.202,1.349,2.999,4.3,1.662,1.659,6.838,5.594
684.0,,,10061321.085,-4.202,1.349,2.999,4.301,1.66,1.668,6.831,5.619
685.0,,,10070935.054,-4.202,1.349,2.999,4.302,1.658,1.659,6.825,5.592
686.0,,,10080556.867,-4.202,1.349,2.999,4.3,1.657,1.664,6.818,5.605
687.0,,,10090217.929,-4.202,1.349,2.999,4.3,1.655,1.663,6.813,5.601
688.0,,,10099828.679,-4.202,1.349,2.999,4.3,1.652,1.679,6.8,5.67
689.0,,,10109450.335,-4.202,1.349,2.999,4.3,1.652,1.645,6.798,5.546
690.0,,,10119048.679,-4.202,1.349,2.999,4.301,1.648,1.645,6.783,5.537
691.0,,,10172281.992,-4.202,1.349,3.0,4.302,1.626,1.606,6.754,5.377
692.0,,,10376577.289,-0.113,0.11,2.999,4.3,2.059,2.296,8.099,8.757
693.0,,,10388668.104,-4.201,1.349,2.999,4.301,2.168,1.561,8.929,5.253
694.0,,,10398173.255,-4.201,1.349,2.999,4.3,1.569,1.582,6.47,5.336
695.0,,,10407533.191,-4.201,1.349,2.999,4.301,1.579,1.582,6.505,5.337
696.0,,,10416834.183,-4.201,1.349,2.999,4.302,1.576,1.581,6.495,5.337
697.0,,,10426124.296,-4.201,1.349,2.999,4.3,1.574,1.578,6.487,5.326
698.0,,,10435359.976,-4.201,1.349,2.999,4.3,1.57,1.571,6.47,5.3
699.0,,,10444556.203,-4.202,1.349,2.999,4.302,1.563,1.561,6.442,5.27
700.0,,,10453737.289,-4.202,1.349,2.999,4.3,1.558,1.561,6.42,5.268
701.0,,,10462868.39,-4.201,1.349,2.999,4.302,1.55,1.536,6.392,5.181
702.0,,,10471978.375,-4.201,1.349,2.999,4.302,1.527,1.519,6.302,5.12
703.0,,,10481083.21,-4.201,1.349,2.999,4.302,1.515,1.519,6.256,5.119
704.0,,,10490186.57,-4.201,1.349,2.999,4.3,1.512,1.505,6.241,5.076
705.0,,,10499260.554,-4.201,1.349,2.999,4.3,1.509,1.505,6.231,5.076
706.0,,,10508343.148,-4.201,1.349,2.999,4.3,1.507,1.521,6.223,5.139
707.0,,,10517445.101,-4.201,1.349,2.999,4.302,1.506,1.505,6.22,5.073
708.0,,,10526542.21,-4.202,1.349,2.999,4.3,1.502,1.508,6.203,5.081
709.0,,,10535587.757,-4.201,1.349,2.999,4.3,1.498,1.491,6.187,5.027
710.0,,,10544663.179,-4.201,1.349,2.999,4.301,1.495,1.501,6.178,5.054
711.0,,,10553738.179,-4.201,1.349,2.999,4.303,1.492,1.497,6.165,5.039
712.0,,,10562799.273,-4.201,1.349,2.999,4.3,1.487,1.492,6.146,5.02
713.0,,,10571855.273,-4.201,1.349,2.999,4.3,1.483,1.477,6.128,4.975
714.0,,,10580890.179,-4.201,1.349,2.999,4.303,1.479,1.484,6.111,4.993
715.0,,,10589887.023,-4.201,1.349,2.999,4.3,1.474,1.479,6.092,4.978
716.0,,,10642614.32,-4.202,1.349,2.999,4.302,1.459,1.434,6.081,4.801
717.0,,,10651998.789,-4.202,1.349,2.999,4.3,1.424,1.449,5.936,4.869
718.0,,,10661079.757,-4.201,1.349,2.999,4.301,1.449,1.463,5.996,4.921
719.0,,,10670075.289,-4.201,1.349,2.999,4.3,1.459,1.463,6.033,4.926
720.0,,,10679094.726,-4.201,1.349,2.999,4.3,1.464,1.463,6.053,4.927
721.0,,,10688106.195,-4.201,1.349,2.999,4.3,1.465,1.463,6.056,4.926
722.0,,,10697100.132,-4.201,1.349,2.999,4.3,1.462,1.468,6.045,4.939
723.0,,,10706095.664,-4.201,1.349,2.999,4.301,1.459,1.449,6.035,4.88
724.0,,,10715060.476,-4.201,1.349,2.999,4.3,1.454,1.458,6.013,4.905
725.0,,,10724056.414,-4.202,1.349,2.999,4.3,1.45,1.454,5.998,4.892
726.0,,,10733076.57,-4.201,1.349,2.999,4.301,1.446,1.449,5.982,4.876
727.0,,,10742073.07,-4.201,1.349,2.999,4.302,1.444,1.45,5.973,4.878
728.0,,,10751072.226,-4.202,1.349,2.999,4.3,1.441,1.449,5.963,4.875
729.0,,,10760063.664,-4.201,1.349,2.999,4.3,1.44,1.435,5.958,4.833
730.0,,,10769072.757,-4.202,1.349,2.999,4.3,1.439,1.435,5.954,4.832
731.0,,,10778040.382,-4.201,1.349,2.999,4.3,1.438,1.445,5.949,4.86
732.0,,,10786972.289,-4.201,1.349,2.999,4.3,1.436,1.44,5.94,4.843
733.0,,,10795925.164,-4.201,1.349,2.999,4.301,1.432,1.436,5.926,4.826
734.0,,,10804855.164,-4.202,1.349,2.999,4.3,1.427,1.425,5.904,4.79
735.0,,,10813750.664,-4.201,1.349,2.999,4.302,1.416,1.407,5.863,4.733
736.0,,,10822663.039,-4.201,1.349,2.999,4.3,1.411,1.417,5.843,4.762
737.0,,,10831555.07,-4.202,1.349,2.999,4.3,1.408,1.416,5.831,4.756
738.0,,,10840425.382,-4.201,1.349,2.999,4.3,1.406,1.407,5.824,4.73
739.0,,,10849301.507,-4.201,1.349,2.999,4.301,1.406,1.407,5.821,4.73
740.0,,,10901852.726,-4.202,1.349,2.999,4.302,1.393,1.371,5.815,4.581
741.0,,,10911064.039,-4.201,1.349,2.999,4.3,1.359,1.393,5.677,4.672
742.0,,,10919966.414,-4.202,1.349,2.999,4.3,1.39,1.394,5.76,4.675
743.0,,,10928843.101,-4.202,1.349,2.999,4.3,1.388,1.405,5.752,4.715
744.0,,,10937686.601,-4.202,1.349,2.999,4.3,1.397,1.407,5.788,4.726
745.0,,,10946533.351,-4.201,1.349,2.999,4.302,1.402,1.406,5.806,4.721
746.0,,,10955321.289,-4.202,1.349,2.999,4.3,1.397,1.401,5.787,4.701
747.0,,,10964102.664,-4.202,1.349,2.999,4.3,1.392,1.393,5.765,4.675
748.0,,,10972892.039,-4.202,1.349,2.999,4.301,1.385,1.387,5.739,4.656
749.0,,,10981604.789,-4.202,1.349,2.999,4.3,1.379,1.379,5.712,4.63
750.0,,,10990331.226,-4.202,1.349,2.999,4.3,1.376,1.381,5.702,4.633
751.0,,,10999036.914,-4.202,1.349,2.999,4.303,1.373,1.38,5.69,4.628
752.0,,,11007741.476,-4.202,1.349,2.999,4.3,1.372,1.379,5.685,4.628
753.0,,,11016437.039,-4.202,1.349,2.999,4.3,1.371,1.377,5.682,4.621
754.0,,,11025145.601,-4.202,1.349,2.999,4.3,1.369,1.365,5.675,4.586
755.0,,,11033911.789,-4.202,1.349,2.999,4.3,1.37,1.365,5.678,4.586
756.0,,,11042693.226,-4.202,1.349,2.999,4.3,1.37,1.377,5.68,4.622
757.0,,,11051483.601,-4.202,1.349,2.999,4.3,1.369,1.365,5.675,4.585
758.0,,,11060281.414,-4.201,1.349,2.999,4.301,1.367,1.365,5.668,4.584
759.0,,,11069097.789,-4.202,1.349,2.999,4.303,1.366,1.365,5.662,4.583
760.0,,,11077894.351,-4.201,1.349,2.999,4.3,1.363,1.368,5.65,4.591
761.0,,,11086695.226,-4.202,1.349,2.999,4.3,1.361,1.368,5.641,4.589
762.0,,,11095463.851,-4.202,1.349,2.999,4.3,1.359,1.365,5.635,4.58
763.0,,,11104274.976,-4.201,1.349,2.999,4.3,1.359,1.366,5.634,4.583
764.0,,,11156635.101,-4.202,1.349,2.999,4.302,1.379,1.332,5.749,4.447
765.0,,,11165765.414,-4.202,1.349,2.999,4.3,1.321,1.341,5.523,4.49
766.0,,,11174552.476,-4.201,1.349,2.999,4.3,1.338,1.337,5.554,4.484
767.0,,,11183306.039,-4.201,1.349,2.999,4.3,1.343,1.355,5.57,4.541
768.0,,,11192113.476,-4.202,1.349,2.999,4.3,1.348,1.361,5.59,4.564
769.0,,,11200925.226,-4.202,1.349,2.999,4.301,1.354,1.369,5.615,4.594
770.0,,,11209735.726,-4.201,1.349,2.999,4.3,1.361,1.37,5.641,4.596
771.0,,,11218558.539,-4.202,1.349,2.999,4.3,1.362,1.365,5.647,4.579
772.0,,,11227346.664,-4.201,1.349,2.999,4.3,1.359,1.351,5.636,4.533
773.0,,,11236127.851,-4.201,1.349,2.999,4.301,1.353,1.356,5.609,4.545
774.0,,,11244858.289,-4.201,1.349,2.999,4.303,1.348,1.352,5.59,4.533
775.0,,,11253569.851,-4.201,1.349,2.999,4.3,1.345,1.347,5.576,4.516
776.0,,,11262283.414,-4.201,1.349,2.999,4.3,1.34,1.344,5.558,4.504
777.0,,,11270973.226,-4.201,1.349,2.999,4.302,1.336,1.344,5.54,4.505
778.0,,,11279695.289,-4.201,1.349,2.999,4.302,1.336,1.337,5.543,4.486
779.0,,,11288426.789,-4.201,1.349,2.999,4.303,1.337,1.337,5.545,4.486
780.0,,,11297123.664,-4.202,1.349,2.999,4.3,1.336,1.339,5.542,4.492
781.0,,,11305839.289,-4.201,1.349,2.999,4.303,1.337,1.343,5.545,4.501
782.0,,,11314577.976,-4.201,1.349,2.999,4.3,1.334,1.339,5.535,4.488
783.0,,,11323306.101,-4.202,1.349,2.999,4.3,1.331,1.337,5.52,4.481
784.0,,,11332018.789,-4.202,1.349,2.999,4.3,1.328,1.334,5.511,4.471
785.0,,,11340710.914,-4.202,1.349,2.999,4.301,1.325,1.335,5.5,4.474
786.0,,,11349448.289,-4.202,1.349,2.999,4.301,1.327,1.335,5.506,4.475
787.0,,,11358118.039,-4.201,1.349,2.999,4.301,1.326,1.329,5.501,4.452
788.0,,,11410476.164,-4.202,1.349,2.999,4.302,1.309,1.299,5.477,4.331
789.0,,,11620257.382,-0.113,0.11,2.999,4.3,2.004,2.245,7.889,8.543
790.0,,,11633656.805,-4.202,1.349,2.999,4.301,2.115,1.353,8.769,4.522
791.0,,,11642801.99,-4.202,1.349,2.999,4.3,1.361,1.351,5.645,4.519
792.0,,,11651715.398,-4.202,1.349,2.999,4.3,1.353,1.354,5.61,4.532
793.0,,,11660492.003,-4.202,1.349,2.999,4.3,1.35,1.351,5.597,4.524
794.0,,,11669254.437,-4.202,1.349,2.999,4.3,1.349,1.353,5.592,4.531
795.0,,,11677974.054,-4.202,1.349,2.999,4.301,1.347,1.351,5.585,4.526
796.0,,,11686679.945,-4.202,1.349,2.999,4.301,1.348,1.351,5.587,4.526
797.0,,,11695378.882,-4.202,1.349,2.999,4.3,1.349,1.337,5.591,4.481
798.0,,,11704089.507,-4.201,1.349,2.999,4.3,1.343,1.35,5.567,4.519
799.0,,,11712788.226,-4.201,1.349,2.999,4.3,1.341,1.345,5.562,4.505
800.0,,,11721470.851,-4.202,1.349,2.999,4.3,1.337,1.341,5.543,4.487
801.0,,,11730189.25,-4.201,1.349,2.999,4.303,1.334,1.339,5.531,4.482
802.0,,,11738856.617,-4.201,1.349,2.999,4.3,1.329,1.335,5.513,4.469
803.0,,,11747607.625,-4.201,1.349,2.999,4.3,1.328,1.34,5.509,4.484
804.0,,,11756341.664,-4.201,1.349,2.999,4.3,1.332,1.338,5.524,4.48
805.0,,,11765073.476,-4.201,1.349,2.999,4.3,1.33,1.342,5.516,4.496
806.0,,,11773833.101,-4.201,1.349,2.999,4.3,1.329,1.337,5.514,4.478
807.0,,,11782574.539,-4.202,1.349,2.999,4.3,1.332,1.34,5.525,4.485
808.0,,,11791279.71,-4.201,1.349,2.999,4.3,1.33,1.334,5.516,4.467
809.0,,,11799992.835,-4.202,1.35,2.999,4.3,1.325,1.331,5.496,4.454
810.0,,,11808678.601,-4.201,1.349,2.999,4.302,1.322,1.323,5.485,4.428
811.0,,,11817286.117,-4.201,1.349,2.999,4.3,1.313,1.309,5.45,4.382
812.0,,,11825881.929,-4.201,1.349,2.999,4.302,1.309,1.309,5.431,4.383
813.0,,,11878283.46,-4.202,1.349,2.999,4.302,1.296,1.292,5.426,4.301
814.0,,,11887339.195,-4.201,1.349,2.999,4.3,1.28,1.295,5.359,4.332
815.0,,,11896120.039,-4.201,1.35,2.999,4.3,1.304,1.309,5.416,4.379
816.0,,,11904824.914,-4.202,1.349,2.999,4.3,1.309,1.319,5.432,4.412
817.0,,,11913483.32,-4.201,1.349,2.999,4.301,1.312,1.309,5.443,4.383
818.0,,,11922168.164,-4.201,1.349,2.999,4.301,1.311,1.309,5.441,4.382
819.0,,,11930839.664,-4.201,1.349,2.999,4.302,1.31,1.315,5.437,4.398
820.0,,,11939517.851,-4.202,1.349,2.999,4.3,1.307,1.313,5.424,4.393
821.0,,,11948206.32,-4.201,1.349,2.999,4.3,1.305,1.306,5.417,4.368
822.0,,,11956849.039,-4.201,1.349,2.999,4.301,1.297,1.295,5.386,4.336
823.0,,,11965538.882,-4.201,1.349,2.999,4.302,1.297,1.295,5.383,4.335
824.0,,,11973956.164,-4.202,1.349,2.999,4.4,1.306,1.309,5.424,4.375
825.0,,,11982479.851,-4.202,1.349,2.999,4.301,1.292,1.295,5.363,4.33
826.0,,,11991050.039,-4.201,1.349,2.999,4.3,1.286,1.291,5.339,4.315
827.0,,,11999592.632,-4.202,1.349,2.999,4.301,1.282,1.283,5.323,4.289
828.0,,,12008125.101,-4.202,1.349,2.999,4.3,1.275,1.281,5.294,4.279
829.0,,,12016640.82,-4.202,1.349,2.999,4.3,1.273,1.281,5.29,4.284
830.0,,,12025190.664,-4.202,1.349,2.999,4.3,1.276,1.278,5.301,4.272
831.0,,,12033678.664,-4.201,1.349,2.999,4.301,1.269,1.276,5.274,4.264
832.0,,,12042136.601,-4.201,1.349,2.999,4.301,1.268,1.274,5.266,4.257
833.0,,,12050624.539,-4.201,1.35,2.999,4.3,1.266,1.276,5.26,4.266
834.0,,,12059071.976,-4.201,1.349,2.999,4.302,1.267,1.267,5.266,4.236
835.0,,,12067547.382,-4.201,1.35,2.999,4.3,1.265,1.27,5.257,4.243
836.0,,,12076029.289,-4.201,1.35,2.999,4.3,1.262,1.272,5.242,4.251
837.0,,,12128334.007,-4.202,1.349,2.999,4.302,1.251,1.251,5.245,4.159
838.0,,,12137395.164,-4.201,1.349,2.999,4.303,1.239,1.275,5.192,4.261
839.0,,,12146113.382,-4.201,1.35,2.999,4.303,1.273,1.268,5.292,4.234
840.0,,,12154695.445,-4.201,1.349,2.999,4.301,1.261,1.268,5.242,4.234
841.0,,,12163311.507,-4.201,1.35,2.999,4.3,1.262,1.276,5.246,4.263
842.0,,,12171920.132,-4.201,1.349,2.999,4.3,1.269,1.274,5.272,4.259
843.0,,,12180524.257,-4.201,1.349,2.999,4.3,1.267,1.272,5.262,4.251
844.0,,,12189087.445,-4.202,1.349,2.999,4.3,1.264,1.273,5.25,4.254
845.0,,,12197651.945,-4.202,1.349,2.999,4.3,1.264,1.267,5.253,4.237
846.0,,,12206216.695,-4.202,1.349,2.999,4.3,1.265,1.27,5.254,4.249
847.0,,,12214763.132,-4.202,1.349,2.999,4.3,1.264,1.27,5.253,4.244
848.0,,,12223319.632,-4.202,1.349,2.999,4.3,1.262,1.267,5.244,4.235
849.0,,,12231888.445,-4.201,1.349,2.999,4.3,1.261,1.266,5.241,4.23
850.0,,,12240460.132,-4.201,1.349,2.999,4.301,1.257,1.253,5.225,4.187
851.0,,,12248963.757,-4.201,1.349,2.999,4.3,1.247,1.239,5.184,4.141
852.0,,,12257488.507,-4.201,1.35,2.999,4.302,1.243,1.248,5.166,4.165
853.0,,,12266000.132,-4.201,1.349,2.999,4.3,1.239,1.249,5.151,4.169
854.0,,,12274461.632,-4.201,1.349,2.999,4.303,1.24,1.248,5.156,4.167
855.0,,,12282964.82,-4.201,1.349,2.999,4.303,1.241,1.24,5.158,4.143
856.0,,,12291439.445,-4.201,1.349,2.999,4.3,1.237,1.243,5.141,4.149
857.0,,,12299975.82,-4.202,1.349,2.999,4.3,1.235,1.239,5.134,4.14
858.0,,,12308445.32,-4.201,1.349,2.999,4.3,1.238,1.245,5.145,4.158
859.0,,,12316871.195,-4.201,1.349,2.999,4.3,1.235,1.241,5.136,4.143
860.0,,,12325337.695,-4.201,1.349,2.999,4.3,1.234,1.239,5.129,4.136
861.0,,,12377629.507,-4.202,1.349,2.999,4.302,1.222,1.226,5.13,4.076
862.0,,,12386687.695,-4.201,1.349,2.999,4.3,1.213,1.225,5.091,4.088
863.0,,,12395236.757,-4.201,1.349,2.999,4.3,1.227,1.211,5.105,4.04
864.0,,,12403702.757,-4.201,1.349,2.999,4.3,1.216,1.225,5.059,4.087
865.0,,,12412106.195,-4.201,1.35,2.999,4.3,1.221,1.224,5.08,4.081
866.0,,,12420563.695,-4.201,1.349,2.999,4.302,1.217,1.211,5.063,4.043
867.0,,,12429021.507,-4.201,1.349,2.999,4.3,1.219,1.232,5.069,4.11
868.0,,,12437444.82,-4.201,1.35,2.999,4.3,1.224,1.225,5.09,4.09
869.0,,,12445887.445,-4.201,1.349,2.999,4.3,1.224,1.225,5.09,4.09
870.0,,,12454356.007,-4.201,1.349,2.999,4.3,1.225,1.234,5.096,4.128
871.0,,,12462836.757,-4.201,1.349,2.999,4.3,1.224,1.225,5.09,4.09
872.0,,,12471325.882,-4.201,1.349,2.999,4.3,1.225,1.225,5.092,4.089
873.0,,,12479785.195,-4.201,1.349,2.999,4.3,1.223,1.229,5.086,4.099
874.0,,,12488185.945,-4.201,1.349,2.999,4.3,1.22,1.211,5.074,4.043
875.0,,,12496595.32,-4.201,1.349,2.999,4.302,1.214,1.216,5.049,4.054
876.0,,,12504939.632,-4.201,1.349,2.999,4.3,1.207,1.209,5.021,4.031
877.0,,,12513284.32,-4.201,1.349,2.999,4.301,1.201,1.204,4.997,4.012
878.0,,,12521610.132,-4.202,1.349,2.999,4.3,1.196,1.197,4.979,3.993
879.0,,,12529914.132,-4.201,1.349,2.999,4.3,1.194,1.199,4.97,3.997
880.0,,,12538242.132,-4.201,1.349,2.999,4.3,1.191,1.205,4.959,4.016
881.0,,,12546556.82,-4.201,1.35,2.999,4.3,1.195,1.197,4.973,3.991
882.0,,,12554936.445,-4.201,1.349,2.999,4.3,1.193,1.202,4.965,4.008
883.0,,,12563314.632,-4.201,1.35,2.999,4.3,1.194,1.207,4.968,4.027
884.0,,,12571734.445,-4.201,1.35,2.999,4.3,1.199,1.213,4.989,4.048
885.0,,,12623970.82,-4.202,1.349,2.999,4.303,1.191,1.185,5.003,3.931
890.0,,,12633230.851,-4.202,1.349,2.999,4.301,0.974,1.215,4.136,4.045
891.0,,,12641929.347,-4.202,1.349,2.999,4.3,1.221,1.217,5.081,4.054
892.0,,,12650423.523,-4.202,1.349,2.999,4.303,1.215,1.216,5.057,4.052
893.0,,,12658842.21,-4.202,1.349,2.999,4.3,1.211,1.211,5.038,4.038
894.0,,,12667233.699,-4.202,1.349,2.999,4.3,1.206,1.206,5.016,4.019
895.0,,,12675611.171,-4.202,1.349,2.999,4.302,1.2,1.197,4.995,3.993
896.0,,,12683982.66,-4.201,1.349,2.999,4.303,1.199,1.204,4.99,4.014
897.0,,,12692405.507,-4.202,1.349,2.999,4.3,1.197,1.209,4.984,4.029
898.0,,,12700805.187,-4.201,1.349,2.999,4.301,1.201,1.197,4.998,3.993
899.0,,,12709194.851,-4.202,1.349,2.999,4.303,1.199,1.204,4.988,4.011
900.0,,,12717587.585,-4.201,1.349,2.999,4.3,1.196,1.209,4.979,4.03
901.0,,,12726009.921,-4.202,1.349,2.999,4.3,1.203,1.208,5.004,4.028
902.0,,,12734337.25,-4.201,1.349,2.999,4.301,1.2,1.197,4.992,3.991
903.0,,,12742689.382,-4.201,1.349,2.999,4.303,1.197,1.2,4.982,3.998
904.0,,,12751052.0,-4.202,1.349,2.999,4.3,1.193,1.198,4.964,3.994
905.0,,,12759369.851,-4.202,1.349,2.999,4.3,1.19,1.197,4.953,3.992
906.0,,,12767704.929,-4.202,1.349,2.999,4.3,1.191,1.201,4.959,4.005
907.0,,,12776100.804,-4.202,1.35,2.999,4.3,1.192,1.197,4.963,3.991
908.0,,,12784479.21,-4.201,1.349,2.999,4.3,1.191,1.197,4.956,3.99
909.0,,,12836621.179,-4.202,1.349,2.999,4.302,1.174,1.167,4.934,3.867
910.0,,,13046173.82,-0.113,0.11,2.999,4.3,1.95,2.193,7.687,8.317
911.0,,,13059484.123,-4.202,1.349,2.999,4.302,2.069,1.196,8.598,3.973
912.0,,,13068223.867,-4.201,1.349,2.999,4.3,1.203,1.202,5.01,3.996
913.0,,,13076727.802,-4.202,1.349,2.999,4.3,1.203,1.206,5.004,4.011
914.0,,,13085134.554,-4.202,1.349,2.999,4.3,1.203,1.197,5.002,3.988
915.0,,,13093531.195,-4.201,1.349,2.999,4.3,1.205,1.211,5.01,4.034
916.0,,,13101913.05,-4.201,1.349,2.999,4.3,1.205,1.213,5.014,4.041
917.0,,,13110349.468,-4.202,1.349,2.999,4.3,1.208,1.211,5.024,4.036
918.0,,,13118758.398,-4.202,1.349,2.999,4.3,1.208,1.211,5.023,4.036
919.0,,,13127158.906,-4.201,1.349,2.999,4.3,1.206,1.215,5.017,4.048
920.0,,,13135561.531,-4.201,1.349,2.999,4.3,1.207,1.211,5.021,4.034
921.0,,,13143978.398,-4.201,1.349,2.999,4.3,1.204,1.197,5.01,3.992
922.0,,,13152393.054,-4.201,1.349,2.999,4.3,1.201,1.197,4.998,3.99
923.0,,,13160774.14,-4.201,1.349,2.999,4.301,1.198,1.204,4.986,4.01
924.0,,,13169147.992,-4.201,1.349,2.999,4.303,1.196,1.197,4.978,3.989
925.0,,,13177539.648,-4.201,1.349,2.999,4.3,1.194,1.203,4.969,4.006
926.0,,,13185919.226,-4.201,1.349,2.999,4.3,1.195,1.197,4.971,3.988
927.0,,,13194333.492,-4.202,1.349,2.999,4.3,1.194,1.197,4.966,3.989
928.0,,,13202717.757,-4.201,1.349,2.999,4.3,1.192,1.197,4.961,3.987
929.0,,,13211079.992,-4.201,1.349,2.999,4.3,1.189,1.194,4.948,3.979
930.0,,,13219469.851,-4.201,1.349,2.999,4.3,1.186,1.193,4.938,3.973
931.0,,,13227855.804,-4.201,1.349,2.999,4.303,1.183,1.188,4.925,3.955
932.0,,,13236254.71,-4.201,1.349,2.999,4.3,1.179,1.182,4.908,3.935
933.0,,,13244612.054,-4.202,1.349,2.999,4.301,1.173,1.169,4.883,3.893
934.0,,,13296793.851,-4.201,1.349,2.999,4.302,1.152,1.135,4.846,3.754
935.0,,,13305643.07,-4.201,1.349,2.999,4.3,1.125,1.162,4.731,3.864
936.0,,,13314110.289,-4.201,1.349,2.999,4.3,1.16,1.17,4.832,3.892
937.0,,,13322517.851,-4.201,1.349,2.999,4.3,1.166,1.177,4.854,3.917
938.0,,,13330880.695,-4.201,1.349,2.999,4.303,1.17,1.178,4.873,3.921
939.0,,,13339218.226,-4.201,1.349,2.999,4.302,1.17,1.172,4.873,3.901
940.0,,,13347556.132,-4.202,1.349,2.999,4.3,1.165,1.169,4.852,3.891
941.0,,,13355874.414,-4.201,1.349,2.999,4.3,1.165,1.169,4.849,3.889
942.0,,,13364141.07,-4.202,1.349,2.999,4.3,1.161,1.155,4.835,3.846
943.0,,,13372412.445,-4.201,1.349,2.999,4.3,1.159,1.155,4.826,3.846
944.0,,,13380633.601,-4.201,1.349,2.999,4.3,1.158,1.16,4.82,3.858
945.0,,,13388828.101,-4.201,1.349,2.999,4.303,1.152,1.155,4.799,3.84
946.0,,,13397003.289,-4.202,1.349,2.999,4.3,1.148,1.141,4.781,3.799
947.0,,,13405198.632,-4.201,1.349,2.999,4.3,1.146,1.153,4.776,3.836
948.0,,,13413429.757,-4.201,1.349,2.999,4.3,1.146,1.155,4.776,3.842
949.0,,,13421666.101,-4.202,1.349,2.999,4.3,1.147,1.156,4.781,3.847
950.0,,,13429976.726,-4.201,1.349,2.999,4.3,1.15,1.159,4.79,3.856
951.0,,,13438278.632,-4.201,1.349,2.999,4.3,1.151,1.155,4.794,3.845
952.0,,,13446602.914,-4.201,1.349,2.999,4.3,1.152,1.155,4.798,3.845
953.0,,,13454917.351,-4.201,1.349,2.999,4.3,1.152,1.155,4.798,3.845
954.0,,,13463260.789,-4.201,1.349,2.999,4.3,1.151,1.158,4.795,3.854
955.0,,,13471590.195,-4.201,1.35,2.999,4.3,1.15,1.155,4.791,3.841
956.0,,,13479897.539,-4.201,1.349,2.999,4.3,1.146,1.141,4.775,3.799
957.0,,,13488208.351,-4.202,1.349,2.999,4.302,1.144,1.141,4.764,3.797
958.0,,,13540337.382,-4.202,1.349,2.999,4.303,1.124,1.109,4.732,3.666
959.0,,,13549122.257,-4.201,1.35,2.999,4.3,1.095,1.123,4.61,3.728
960.0,,,13557447.101,-4.202,1.349,2.999,4.301,1.121,1.127,4.674,3.744
961.0,,,13565739.382,-4.202,1.349,2.999,4.3,1.123,1.127,4.681,3.745
962.0,,,13573967.757,-4.202,1.349,2.999,4.3,1.124,1.127,4.687,3.747
963.0,,,13582204.32,-4.202,1.349,2.999,4.302,1.129,1.127,4.707,3.747
964.0,,,13590413.132,-4.201,1.349,2.999,4.3,1.126,1.132,4.691,3.761
965.0,,,13598659.82,-4.201,1.349,2.999,4.3,1.124,1.131,4.685,3.758
966.0,,,13606931.132,-4.201,1.349,2.999,4.3,1.124,1.127,4.684,3.748
967.0,,,13615141.257,-4.201,1.349,2.999,4.3,1.124,1.133,4.686,3.765
968.0,,,13623431.945,-4.201,1.35,2.999,4.3,1.126,1.138,4.693,3.785
969.0,,,13631704.195,-4.201,1.349,2.999,4.301,1.13,1.133,4.71,3.766
970.0,,,13639935.07,-4.201,1.35,2.999,4.3,1.124,1.131,4.685,3.757
971.0,,,13648194.445,-4.201,1.349,2.999,4.3,1.123,1.131,4.682,3.757
972.0,,,13656419.445,-4.202,1.349,2.999,4.3,1.123,1.127,4.679,3.745
973.0,,,13664607.632,-4.201,1.349,2.999,4.3,1.119,1.113,4.665,3.701
974.0,,,13672759.07,-4.201,1.349,2.999,4.3,1.114,1.113,4.644,3.701
975.0,,,13680906.632,-4.202,1.349,2.999,4.301,1.114,1.113,4.642,3.701
976.0,,,13689054.257,-4.201,1.349,2.999,4.302,1.114,1.122,4.644,3.726
977.0,,,13697191.257,-4.202,1.349,2.999,4.302,1.114,1.12,4.646,3.719
978.0,,,13705323.257,-4.202,1.349,2.999,4.303,1.113,1.118,4.64,3.714
979.0,,,13713431.07,-4.202,1.349,2.999,4.3,1.111,1.116,4.631,3.708
980.0,,,13721534.132,-4.201,1.349,2.999,4.3,1.109,1.114,4.625,3.702
981.0,,,13729671.445,-4.202,1.349,2.999,4.3,1.108,1.099,4.618,3.656
982.0,,,13781738.257,-4.201,1.349,2.999,4.302,1.09,1.087,4.592,3.59
983.0,,,13790472.882,-4.201,1.349,2.999,4.303,1.072,1.085,4.516,3.601
984.0,,,13798702.882,-4.201,1.349,2.999,4.303,1.091,1.089,4.552,3.612
985.0,,,13806829.007,-4.202,1.349,2.999,4.3,1.084,1.091,4.524,3.618
986.0,,,13814914.757,-4.201,1.349,2.999,4.303,1.085,1.085,4.529,3.604
987.0,,,13823060.695,-4.202,1.349,2.999,4.302,1.089,1.099,4.543,3.647
988.0,,,13831158.82,-4.201,1.349,2.999,4.3,1.091,1.098,4.552,3.644
989.0,,,13839294.507,-4.201,1.349,2.999,4.3,1.091,1.099,4.552,3.648
990.0,,,13847419.07,-4.202,1.349,2.999,4.3,1.092,1.085,4.554,3.606
991.0,,,13855557.82,-4.201,1.349,2.999,4.3,1.091,1.098,4.55,3.646
992.0,,,13863754.882,-4.201,1.349,2.999,4.3,1.091,1.098,4.551,3.647
993.0,,,13871902.695,-4.201,1.349,2.999,4.3,1.09,1.099,4.548,3.649
994.0,,,13880065.195,-4.201,1.349,2.999,4.3,1.092,1.099,4.555,3.648
995.0,,,13888151.32,-4.202,1.349,2.999,4.3,1.09,1.097,4.547,3.643
996.0,,,13896245.695,-4.202,1.349,2.999,4.3,1.09,1.096,4.546,3.637
997.0,,,13904342.257,-4.202,1.349,2.999,4.3,1.089,1.085,4.543,3.606
998.0,,,13912464.132,-4.202,1.349,2.999,4.3,1.09,1.095,4.548,3.635
999.0,,,13920593.945,-4.202,1.349,2.999,4.3,1.088,1.093,4.538,3.629
1000.0,,,13928658.007,-4.202,1.349,2.999,4.302,1.085,1.088,4.525,3.612
1001.0,,,13936759.382,-4.201,1.349,2.999,4.3,1.081,1.085,4.51,3.603
1002.0,,,13944893.195,-4.202,1.349,2.999,4.3,1.08,1.086,4.505,3.604
1003.0,,,13953008.82,-4.202,1.349,2.999,4.3,1.078,1.085,4.5,3.601
1004.0,,,13961142.82,-4.202,1.349,2.999,4.3,1.079,1.085,4.5,3.601
1005.0,,,13969267.007,-4.201,1.349,2.999,4.3,1.077,1.091,4.494,3.62
1006.0,,,14021354.445,-4.202,1.349,2.999,4.302,1.069,1.065,4.508,3.515
1007.0,,,14229952.101,-0.113,0.11,2.999,4.3,1.916,2.135,7.559,8.07
1008.0,,,14243652.356,-4.202,1.349,2.999,4.3,2.028,1.071,8.447,3.542
1009.0,,,14252169.636,-4.202,1.349,2.999,4.3,1.084,1.07,4.524,3.539
1010.0,,,14260394.437,-4.202,1.349,2.999,4.301,1.073,1.071,4.48,3.543
1011.0,,,14268516.003,-4.202,1.349,2.999,4.301,1.07,1.071,4.466,3.545
1012.0,,,14276625.636,-4.202,1.349,2.999,4.301,1.07,1.076,4.464,3.562
1013.0,,,14284772.835,-4.202,1.349,2.999,4.3,1.073,1.08,4.48,3.577
1014.0,,,14292901.093,-4.202,1.349,2.999,4.3,1.075,1.082,4.487,3.582
1015.0,,,14301016.609,-4.202,1.349,2.999,4.3,1.076,1.082,4.491,3.583
1016.0,,,14309134.21,-4.202,1.349,2.999,4.3,1.076,1.071,4.49,3.551
1017.0,,,14317263.656,-4.202,1.349,2.999,4.3,1.076,1.071,4.489,3.551
1018.0,,,14325362.406,-4.202,1.349,2.999,4.3,1.073,1.071,4.476,3.551
1019.0,,,14333466.343,-4.202,1.349,2.999,4.301,1.072,1.071,4.472,3.55
1020.0,,,14341602.664,-4.201,1.349,2.999,4.303,1.07,1.076,4.466,3.566
1021.0,,,14349679.906,-4.201,1.349,2.999,4.302,1.07,1.073,4.465,3.552
1022.0,,,14357792.71,-4.201,1.349,2.999,4.3,1.067,1.069,4.453,3.54
1023.0,,,14365894.367,-4.201,1.349,2.999,4.3,1.063,1.057,4.436,3.504
1024.0,,,14374041.835,-4.201,1.349,2.999,4.3,1.062,1.068,4.434,3.539
1025.0,,,14382153.929,-4.201,1.349,2.999,4.3,1.062,1.07,4.431,3.547
1026.0,,,14390261.023,-4.201,1.349,2.999,4.3,1.064,1.069,4.441,3.543
1027.0,,,14398344.742,-4.201,1.349,2.999,4.3,1.063,1.068,4.437,3.54
1028.0,,,14406433.898,-4.202,1.349,2.999,4.3,1.062,1.067,4.434,3.535
1029.0,,,14414519.742,-4.202,1.349,2.999,4.3,1.061,1.064,4.43,3.525
1030.0,,,14422586.757,-4.202,1.349,2.999,4.301,1.058,1.061,4.419,3.514
1031.0,,,14430651.21,-4.202,1.349,2.999,4.303,1.055,1.058,4.406,3.503
1032.0,,,14482783.945,-4.202,1.349,2.999,4.302,1.036,1.03,4.372,3.391
1033.0,,,14491566.539,-4.201,1.349,2.999,4.301,1.021,1.043,4.309,3.451
1034.0,,,14499744.726,-4.202,1.349,2.999,4.3,1.043,1.045,4.358,3.456
1035.0,,,14507864.07,-4.202,1.349,2.999,4.303,1.043,1.054,4.355,3.49
1036.0,,,14516003.132,-4.202,1.349,2.999,4.3,1.05,1.059,4.384,3.507
1037.0,,,14524118.757,-4.202,1.349,2.999,4.3,1.053,1.056,4.397,3.497
1038.0,,,14532225.789,-4.202,1.349,2.999,4.3,1.05,1.053,4.386,3.486
1039.0,,,14540295.945,-4.202,1.349,2.999,4.3,1.047,1.051,4.372,3.481
1040.0,,,14548334.632,-4.202,1.349,2.999,4.3,1.045,1.051,4.365,3.481
1041.0,,,14556379.57,-4.202,1.349,2.999,4.3,1.046,1.043,4.367,3.456
1042.0,,,14564410.476,-4.202,1.349,2.999,4.301,1.042,1.043,4.354,3.454
1043.0,,,14572404.945,-4.202,1.349,2.999,4.303,1.039,1.044,4.342,3.455
1044.0,,,14580423.382,-4.201,1.349,2.999,4.3,1.038,1.029,4.337,3.41
1045.0,,,14588484.945,-4.202,1.349,2.999,4.3,1.037,1.04,4.331,3.444
1046.0,,,14596487.289,-4.202,1.349,2.999,4.3,1.034,1.029,4.318,3.411
1047.0,,,14604517.32,-4.202,1.349,2.999,4.3,1.034,1.029,4.321,3.409
1048.0,,,14612530.914,-4.202,1.349,2.999,4.3,1.032,1.035,4.31,3.426
1049.0,,,14620562.351,-4.202,1.349,2.999,4.301,1.03,1.029,4.302,3.408
1050.0,,,14628581.664,-4.202,1.349,2.999,4.301,1.029,1.034,4.298,3.423
1051.0,,,14636626.664,-4.202,1.349,2.999,4.302,1.029,1.035,4.299,3.425
1052.0,,,14644630.57,-4.202,1.349,2.999,4.301,1.028,1.033,4.296,3.42
1053.0,,,14652635.914,-4.202,1.349,2.999,4.302,1.027,1.032,4.293,3.415
1054.0,,,14660598.039,-4.201,1.349,2.999,4.303,1.026,1.027,4.286,3.398
1055.0,,,14668555.601,-4.202,1.349,2.999,4.3,1.021,1.015,4.268,3.359
1056.0,,,14676494.289,-4.202,1.349,2.999,4.3,1.016,1.015,4.247,3.359
1057.0,,,14728528.757,-4.202,1.349,2.999,4.302,0.997,0.998,4.215,3.282
1058.0,,,14737333.289,-4.202,1.349,2.999,4.3,0.99,1.001,4.183,3.312
1059.0,,,14745490.664,-4.202,1.349,2.999,4.3,1.012,1.006,4.232,3.325
1060.0,,,14753492.289,-4.202,1.349,2.999,4.301,1.003,1.001,4.195,3.313
1061.0,,,14761485.726,-4.202,1.349,2.999,4.3,1.007,1.015,4.21,3.357
1062.0,,,14769517.226,-4.202,1.349,2.999,4.3,1.011,1.019,4.227,3.369
1063.0,,,14777549.726,-4.201,1.349,2.999,4.303,1.014,1.021,4.237,3.378
1064.0,,,14785553.289,-4.202,1.349,2.999,4.301,1.015,1.015,4.244,3.359
1065.0,,,14793565.164,-4.202,1.349,2.999,4.302,1.014,1.018,4.239,3.366
1066.0,,,14801552.351,-4.202,1.349,2.999,4.303,1.012,1.015,4.232,3.358
1067.0,,,14809526.039,-4.202,1.349,2.999,4.302,1.013,1.016,4.232,3.36
1068.0,,,14817493.226,-4.202,1.349,2.999,4.302,1.011,1.015,4.227,3.358
1069.0,,,14825413.851,-4.201,1.349,2.999,4.303,1.01,1.015,4.219,3.357
1070.0,,,14833352.039,-4.201,1.349,2.999,4.303,1.01,1.014,4.221,3.355
1071.0,,,14841293.539,-4.202,1.349,2.999,4.3,1.009,1.001,4.218,3.313
1072.0,,,14849145.851,-4.201,1.349,2.999,4.3,1.004,1.001,4.198,3.311
1073.0,,,14857041.789,-4.202,1.349,2.999,4.3,1.0,1.005,4.183,3.323
1074.0,,,14864941.414,-4.201,1.349,2.999,4.3,1.0,1.006,4.182,3.326
1075.0,,,14872882.226,-4.202,1.349,2.999,4.3,1.002,1.004,4.189,3.321
1076.0,,,14880781.414,-4.201,1.349,2.999,4.302,0.999,1.001,4.176,3.31
1077.0,,,14888661.914,-4.202,1.349,2.999,4.303,0.997,1.001,4.17,3.308
1078.0,,,14896569.039,-4.202,1.349,2.999,4.3,0.996,0.987,4.166,3.267
1079.0,,,14904454.914,-4.202,1.349,2.999,4.303,0.996,0.987,4.164,3.268
1080.0,,,14912401.039,-4.201,1.349,2.999,4.303,0.997,1.003,4.168,3.316
1081.0,,,14920331.664,-4.201,1.349,2.999,4.302,0.998,1.002,4.171,3.314
1082.0,,,14972351.914,-4.202,1.349,2.999,4.302,0.98,0.972,4.147,3.193
1083.0,,,14981096.101,-4.202,1.349,2.999,4.3,0.963,0.984,4.075,3.249
1084.0,,,14989093.164,-4.202,1.349,2.999,4.3,0.983,0.983,4.113,3.246
1085.0,,,14997020.226,-4.201,1.349,2.999,4.3,0.981,0.98,4.103,3.235
1086.0,,,15004969.476,-4.201,1.349,2.999,4.3,0.978,0.981,4.091,3.239
1087.0,,,15012795.726,-4.201,1.349,2.999,4.3,0.976,0.987,4.082,3.261
1088.0,,,15020655.726,-4.201,1.349,2.999,4.301,0.982,0.985,4.107,3.255
1089.0,,,15028565.726,-4.201,1.349,2.999,4.303,0.98,0.986,4.101,3.257
1090.0,,,15036437.039,-4.202,1.349,2.999,4.302,0.981,0.989,4.104,3.269
1091.0,,,15044335.789,-4.201,1.349,2.999,4.3,0.985,0.99,4.12,3.272
1092.0,,,15052194.039,-4.201,1.349,2.999,4.3,0.985,0.989,4.118,3.267
1093.0,,,15060012.164,-4.201,1.349,2.999,4.302,0.983,0.989,4.112,3.266
1094.0,,,15067907.414,-4.201,1.349,2.999,4.301,0.985,0.987,4.118,3.261
1095.0,,,15075808.414,-4.201,1.349,2.999,4.302,0.984,0.987,4.114,3.262
1096.0,,,15083689.976,-4.202,1.349,2.999,4.302,0.983,0.987,4.11,3.261
1097.0,,,15091525.289,-4.201,1.349,2.999,4.302,0.981,0.973,4.105,3.219
1098.0,,,15099349.101,-4.201,1.349,2.999,4.303,0.98,0.985,4.099,3.254
1099.0,,,15107210.226,-4.201,1.349,2.999,4.303,0.98,0.984,4.1,3.251
1100.0,,,15114979.351,-4.201,1.349,2.999,4.3,0.978,0.973,4.09,3.216
1101.0,,,15122803.289,-4.201,1.349,2.999,4.3,0.976,0.973,4.084,3.214
1102.0,,,15130581.914,-4.201,1.349,2.999,4.3,0.973,0.973,4.072,3.214
1103.0,,,15138371.101,-4.201,1.349,2.999,4.301,0.969,0.973,4.054,3.213
1104.0,,,15146141.476,-4.201,1.349,2.999,4.302,0.968,0.973,4.051,3.214
1105.0,,,15153952.414,-4.201,1.349,2.999,4.302,0.969,0.973,4.053,3.214
1106.0,,,15161750.351,-4.201,1.349,2.999,4.302,0.969,0.973,4.053,3.214
1107.0,,,15213741.851,-4.202,1.349,2.999,4.302,0.956,0.952,4.045,3.125
1108.0,,,15902004.164,-2.799,2.798,2.999,4.3,2.042,2.102,8.366,7.928
